"I Might Regret This: Essays, Drawings, Vulnerabilities, and Other Stuff",Abbi Jacobson,2018
"Valley of Genius: The Uncensored History of Silicon Valley (As Told by the Hackers, Founders, and Freaks Who Made It Boom)",Adam  Fisher,2018
Supreme Inequality: The Supreme Court's Fifty-Year Battle for a More Unjust America,Adam Cohen,2020
Kill Switch: The Rise of the Modern Senate and the Crippling of American Democracy,Adam Jentleson,2021
Renegade: Defending Democracy and Liberty in Our Divided Country,Adam Kinzinger,2023
Hidden Potential: The Science of Achieving Greater Things,Adam M. Grant,2023
Think Again: The Power of Knowing What You Don't Know,Adam M. Grant,2021
Originals: How Non-Conformists Move the World,Adam M. Grant,2016
Give and Take: A Revolutionary Approach to Success,Adam M. Grant,2013
They Both Die at the End,Adam Silvera,2017
An Inquiry into the Nature and Causes of the Wealth of Nations,Adam Smith,1977
Shutdown: How Covid Shook the World's Economy,Adam Tooze,2021
Aesop’s Fables,Aesop,2003
How to Disappear: Notes on Invisibility in a Time of Transparency,Akiko Busch,2019
Lies & the Lying Liars Who Tell Them: A Fair & Balanced Look at the Right,Al Franken,2004
"Al Franken, Giant of the Senate",Al Franken,2017
The Future: Six Drivers of Global Change,Al Gore,2013
The 22 Immutable Laws of Marketing,Al Ries,2014
Opening Our Hearts Transforming Our Losses,Al-Anon Family Groups,2007
The Age of Turbulence,Alan Greenspan,2007
Raise Your Game: High-Performance Secrets from the Best of the Best,Alan Stein Jr.,2019
The Doors of Perception,Aldous Huxley,1954
Brave New World,Aldous Huxley,2008
You Can't Spell America Without Me: The Really Tremendous Inside Story of My Fantastic First Year as President Donald J. Trump,Alec Baldwin,2017
Nevertheless,Alec Baldwin,2017
The End of Policing,Alex S. Vitale,2017
The Answer Is…: Reflections on My Life,Alex Trebek,2020
Punishment Without Crime: How Our Massive Misdemeanor System Traps the Innocent and Makes America More Unequal,Alexandra Natapoff,2018
"Dear Girls: Intimate Tales, Untold Secrets, & Advice for Living Your Best Life",Ali Wong,2019
The Purpose of Power: How We Come Together When We Fall Apart,Alicia Garza,2020
The Power of Writing It Down: A Simple Habit to Unlock Your Brain and Reimagine Your Life,Allison Fallon,2021
"So Here’s the Thing…: Notes on Growing Up, Getting Older, and Trusting Your Gut",Alyssa Mastromonaco,2019
Who Thought This Was a Good Idea?: And Other Questions You Should Have Answers to When You Work in the White House,Alyssa Mastromonaco,2017
Sorry Not Sorry,Alyssa Milano,2021
This Might Be Too Personal,Alyssa Shelasky,2022
Call Us What We Carry: Poems,Amanda Gorman,2021
Change Sings: a Children's Anthem,Amanda Gorman,2021
The Hill We Climb: An Inaugural Poem for the Country,Amanda Gorman,2021
Cultish: The Language of Fanaticism,Amanda Montell,2021
"The Art of Asking; or, How I Learned to Stop Worrying and Let People Help",Amanda Palmer,2014
High Conflict: Why We Get Trapped and How We Get Out,Amanda Ripley,2021
The World Record Book of Racist Stories,Amber Ruffin,2022
The Right to Sex: Feminism in the Twenty-First Century,Amia Srinivasan,2021
Big Friendship: How We Keep Each Other Close,Aminatou Sow,2020
Attached: The New Science of Adult Attachment and How It Can Help You Find—and Keep—Love,Amir Levine,2010
Textbook Amy Krouse Rosenthal,Amy Krouse Rosenthal,2016
Yes Please,Amy Poehler,2014
The Joy Luck Club,Amy Tan,2006
Winners Take All: The Elite Charade of Changing the World,Anand Giridharadas,2018
Vanderbilt: The Rise and Fall of an American Dynasty,Anderson Cooper,2021
"The Rainbow Comes and Goes: A Mother and Son on Life, Love, and Loss",Anderson Cooper,2016
"American Oligarchs: The Kushners, the Trumps, and the Marriage of Money and Power",Andrea Bernstein,2020
How to Blow Up a Pipeline,Andreas Malm,2021
"Smart People Should Build Things: How to Restore Our Culture of Achievement, Build a Path for Entrepreneurs, and Create New Jobs in America",Andrew   Yang,2014
The War on Normal People: The Truth About America's Disappearing Jobs and Why Universal Basic Income Is Our Future,Andrew   Yang,2018
The Spiritual Brain: Science and Religious Experience (Great Courses),Andrew B. Newberg,2012
The Threat: How the FBI Protects America in the Age of Terror and Trump,Andrew G. McCabe,2019
Unmasked: A Memoir,Andrew Lloyd Webber,2018
Tracers in the Dark: The Global Hunt for the Crime Lords of Cryptocurrency,Andy Greenberg,2022
Grit: The Power of Passion and Perseverance,Angela Duckworth,2016
Freedom is a Constant Struggle,Angela Y. Davis,2016
An Autobiography,Angela Y. Davis,2013
Being You: A New Science of Consciousness,Anil Seth,2020
So Much I Want to Tell You: Letters to My Little Sister,Anna Akana,2017
Dopamine Nation: Finding Balance in the Age of Indulgence,Anna Lembke,2021
Let's Talk About Hard Things,Anna Sale,2021
Uncanny Valley,Anna Wiener,2020
Four Lost Cities: A Secret History of the Urban Age,Annalee Newitz,2021
Deaths of Despair and the Future of Capitalism,Anne Case,2020
English Grammar Boot Camp,Anne Curzan,2016
Anne Frank: The Diary of a Young Girl,Anne Frank,2010
Bird by Bird: Some Instructions on Writing and Life,Anne Lamott,2019
"Put Your Heart On The Page: An Introduction To Writing (How To.., 1)",Anne Perry,2014
How to Decide: Simple Tools for Making Better Choices,Annie Duke,2020
Thinking in Bets: Making Smarter Decisions When You Don't Have All the Facts,Annie Duke,2018
"Give People Money: How a Universal Basic Income Would End Poverty, Revolutionize Work, and Remake the World",Annie Lowrey,2018
The Extended Mind: The Power of Thinking Outside the Brain,Annie Murphy Paul,2021
"Eastern Body, Western Mind: Psychology and the Chakra System as a Path to the Self",Anodea Judith,2004
The Beginner's Guide to the Chakras,Anodea Judith,2002
A Warning,Anonymous,2019
World Travel: An Irreverent Guide,Anthony Bourdain,2021
The Sun Does Shine: How I Found Life and Freedom on Death Row,Anthony Ray Hinton,2018
Unlimited Power: A Black Choice,Anthony Robbins,1997
Unshakeable: Your Financial Freedom Playbook,Anthony Robbins,2017
Awaken The Giant Within,Anthony Robbins,2000
Chaos Monkeys: Obscene Fortune and Random Failure in Silicon Valley,Antonio García Martínez,2016
Argo: How the CIA & Hollywood Pulled Off the Most Audacious Rescue in History,Antonio J. Méndez,2012
Give Us the Ballot: The Modern Struggle for Voting Rights in America,Ari Berman,2015
"Thrive: The Third Metric to Redefining Success and Creating a Life of Well-Being, Wisdom, and Wonder",Arianna Huffington,2014
The Rules Do Not Apply,Ariel Levy,
Be Useful: Seven Tools for Life,Arnold Schwarzenegger,2023
"From Strength to Strength: Finding Success, Happiness, and Deep Purpose in the Second Half of Life",Arthur C. Brooks,2022
The Star Builders: Nuclear Fusion and the Race to Power the Planet,Arthur Turrell,2021
"Elon Musk: Tesla, SpaceX, and the Quest for a Fantastic Future",Ashlee Vance,2015
Somebody's Daughter,Ashley C. Ford,2021
I'm Still Here: Black Dignity in a World Made for Whiteness,Austin Channing Brown,2018
Love Thy Neighbor: A Muslim Doctor's Struggle for Home in Rural America,Ayaz Virji,2019
The Fountainhead,Ayn Rand,2007
One More Thing: Stories and Other Stories,B.J. Novak,2014
A Promised Land,Barack Obama,2020
Urban Tantra: Sacred Sex for the Twenty-First Century,Barbara Carrellas,2007
Nothing to Envy: Ordinary Lives in North Korea,Barbara Demick,2009
"Animal, Vegetable, Miracle: A Year of Food Life",Barbara Kingsolver,2017
Mindshift: Break Through Obstacles to Learning and Discover Your Hidden Potential,Barbara Oakley,2017
Audition: A Memoir,Barbara Walters,2008
Good Inside: A Guide to Becoming the Parent You Want to Be,Becky   Kennedy,2022
The Way We Eat Now: Strategies for Eating in a World of Change,Bee Wilson,2019
Ain't I a Woman: Black Women and Feminism,bell hooks,1999
Feminism Is for Everybody: Passionate Politics,bell hooks,2000
MBS: The Rise to Power of Mohammed bin Salman,Ben  Hubbard,2020
The World As It Is: Inside the Obama White House,Ben  Rhodes,2018
Golden State,Ben H. Winters,2019
The Dumb Money: The GameStop Short Squeeze and the Ragtag Group of Amateur Traders That Brought Wall Street to Its Knees (Previously Published as The Antisocial Network),Ben Mezrich,2021
"Once Upon a Time in Russia: The Rise of the Oligarchs―A True Story of Ambition, Wealth, Betrayal, and Murder",Ben Mezrich,2015
Sex on the Moon: The Amazing Story Behind the Most Audacious Heist in History,Ben Mezrich,2011
"The Accidental Billionaires: The Founding of Facebook, a Tale of Sex, Money, Genius, and Betrayal",Ben Mezrich,2009
"Bitcoin Billionaires: A True Story of Genius, Betrayal, and Redemption",Ben Mezrich,2019
"Sure, I'll Be Your Black Friend: Notes from the Other Side of the Fist Bump",Ben Philippe,2021
Them: Why We Hate Each Other - and How to Heal,Ben Sasse,2018
Dreyer's English: An Utterly Correct Guide to Clarity and Style,Benjamin Dreyer,2019
The Intelligent Investor,Benjamin Graham,2006
The Tao of Pooh,Benjamin Hoff,2003
Willpower Doesn't Work: Discover the Hidden Keys to Success,Benjamin P. Hardy,2018
"How Big Things Get Done: The Surprising Factors That Determine the Fate of Every Project, from Home Renovations to Space Exploration and Everything In Between",Bent Flyvbjerg,2023
Bernie Sanders Guide to Political Revolution,Bernie Sanders,2017
Our Revolution: A Future to Believe In,Bernie Sanders,2016
"The Body Keeps the Score: Brain, Mind, and Body in the Healing of Trauma",Bessel van der Kolk,2014
We Want to Do More Than Survive: Abolitionist Teaching and the Pursuit of Educational Freedom,Bettina L. Love,2019
If You Ask Me (And of Course You Won't),Betty White,2011
How to Prevent the Next Pandemic,Bill  Gates,2022
How to Avoid a Climate Disaster: The Solutions We Have and the Breakthroughs We Need,Bill  Gates,2021
A Short History of Nearly Everything,Bill Bryson,2004
At Home: A Short History of Private Life,Bill Bryson,2010
The Mother Tongue: English and How It Got That Way,Bill Bryson,1991
I'm a Stranger Here Myself: Notes on Returning to America After Twenty Years Away,Bill Bryson,2000
Falter: Has the Human Game Begun to Play Itself Out?,Bill McKibben,2019
Die with Zero: Getting All You Can from Your Money and Your Life,Bill Perkins,2020
Recursion,Blake Crouch,2019
"Everybody, Always: Becoming Love in a World Full of Setbacks and Difficult People",Bob Goff,2018
Led Zeppelin: The Biography,Bob Spitz,2021
Peril,Bob Woodward,2021
Rage,Bob Woodward,2020
Fear: Trump in the White House,Bob Woodward,2018
Fail Until You Don't,Bobby Bones,2018
Tools and Weapons: The Promise and the Peril of the Digital Age,Brad   Smith,2019
"Do More, Spend Less",Brad Wilson,2012
Blood and Oil: Mohammed bin Salman's Ruthless Quest for Global Power,Bradley Hope,2020
Bunker: Building for the End Times,Bradley L. Garrett,2020
Real Life,Brandon  Taylor,2020
The Gifts of Imperfection,Brené Brown,2010
"Daring Greatly: How the Courage to Be Vulnerable Transforms the Way We Live, Love, Parent, and Lead",Brené Brown,2012
Dare to Lead,Brené Brown,2018
The Immortality Key: Uncovering the Secret History of the Religion with No Name,Brian C. Muraresku,2020
"Hoax: Donald Trump, Fox News, and the Dangerous Distortion of Truth",Brian Stelter,2020
101 Essays That Will Change The Way You Think,Brianna Wiest,2016
The Woman in Me,Britney Spears,2023
A Generation of Sociopaths: How the Baby Boomers Betrayed America,Bruce Cannon Gibney,2017
"What Happened To You?: Conversations on Trauma, Resilience, and Healing",Bruce D. Perry,2021
"A Hacker's Mind: How the Powerful Bend Society's Rules, and How to Bend them Back",Bruce Schneier,2023
Born to Run,Bruce Springsteen,2016
Forget the Alamo: The Rise and Fall of an American Myth,Bryan Burrough,2021
A Life in Parts,Bryan Cranston,2016
"So, You're New to Sales",Bryan Flanagan,2011
"The Year of Less: How I Stopped Shopping, Gave Away My Belongings, and Discovered Life Is Worth More Than Anything You Can Buy in a Store",Cait Flanders,2018
From Here to Eternity: Traveling the World to Find the Good Death,Caitlin Doughty,2018
A World Without Email: Reimagining Work in an Age of Communication Overload,Cal Newport,2021
Deep Work: Rules for Focused Success in a Distracted World,Cal Newport,2016
Chasing History: A Kid in the Newsroom,Carl Bernstein,2022
Contact,Carl Sagan,1997
Calling Bullshit: The Art of Skepticism in a Data-Driven World,Carl T. Bergstrom,2020
Helgoland: Making Sense of the Quantum Revolution,Carlo Rovelli,2021
Reality is Not What it Seems: The Journey to Quantum Gravity,Carlo Rovelli,2016
Seven Brief Lessons on Physics,Carlo Rovelli,2016
The Teachings of Don Juan: A Yaqui Way of Knowledge,Carlos Castaneda,1983
Five Stars: The Communication Secrets to Get from Good to Great,Carmine Gallo,2018
Talk Like TED: The 9 Public-Speaking Secrets of the World's Top Minds,Carmine Gallo,2017
Mindset: The New Psychology of Success,Carol S. Dweck,2006
Invisible Women: Data Bias in a World Designed for Men,Caroline Criado Pérez,2019
Sacred Contracts: Awakening Your Divine Potential,Caroline Myss,2003
We All Want Impossible Things,Catherine Newman,2022
Weapons of Math Destruction: How Big Data Increases Inequality and Threatens Democracy,Cathy O'Neil,2016
Minor Feelings: An Asian American Reckoning,Cathy Park Hong,2020
"Semicolon: The Past, Present, and Future of a Misunderstood Mark",Cecelia Watson,2019
"Do Nothing: How to Break Away from Overworking, Overdoing, and Underliving",Celeste Headlee,2020
Little Fires Everywhere,Celeste Ng,2020
Know My Name,Chanel Miller,2019
The Power of Habit: Why We Do What We Do in Life and Business,Charles Duhigg,2012
The Devil You Know: A Black Power Manifesto,Charles M. Blow,2021
"We Came, We Saw, We Left: A Family Gap Year",Charles Wheelan,2021
Recession Proof Graduate: How to Land the Job You Want by Doing Free Work,Charlie Hoehn,2014
The Ones We've Been Waiting for: How a New Generation of Leaders Will Transform America,Charlotte Alter,2020
Life Will Be the Death of Me: . . . and you too!,Chelsea Handler,2019
Tiny Beautiful Things: Advice on Love and Life from Dear Sugar,Cheryl Strayed,2012
Wild: From Lost to Found on the Pacific Crest Trail,Cheryl Strayed,2012
The Ultimate Sales Machine: Turbocharge Your Business with Relentless Focus on 12 Key Strategies,Chet Holmes,2008
The Thing Around Your Neck,Chimamanda Ngozi Adichie,2009
Americanah,Chimamanda Ngozi Adichie,2013
We Should All Be Feminists,Chimamanda Ngozi Adichie,2014
"The History of Magic: From Alchemy to Witchcraft, from the Ice Age to the Present",Chris Gosden,2020
The Happiness of Pursuit: Finding the Quest That Will Bring Purpose to Your Life,Chris Guillebeau,2014
"The Daily Show (The Audiobook): An Oral History as Told by Jon Stewart, the Correspondents, Staff and Guests",Chris Smith,2016
Never Split the Difference: Negotiating As If Your Life Depended On It,Chris Voss,2016
White American Youth: My Descent into America's Most Violent Hate Movement—and How I Got Out,Christian Picciolini,2017
How Stella Learned to Talk: The Groundbreaking Story of the World's First Talking Dog,Christina Hunger,2021
We Are Not Like Them,Christine Pride,2021
God Is Not Great: How Religion Poisons Everything,Christopher Hitchens,2007
The Lords of Easy Money: How the Federal Reserve Broke the American Economy,Christopher Leonard,2022
Arriving Today: From Factory to Front Door-Why Everything Has Changed About How and What We Buy,Christopher Mims,2021
Mindf*ck: Cambridge Analytica and the Plot to Break America,Christopher Wylie,2019
The Nineties,Chuck Klosterman,2022
But What If We're Wrong? Thinking About the Present As If It Were the Past,Chuck Klosterman,2016
"Wanderers (Wanderers, #1)",Chuck Wendig,2019
Monsters: A Fan's Dilemma,Claire Dederer,2023
The Authenticity Project,Clare Pooley,2020
How to Lead When You're Not in Charge: Leveraging Influence When You Lack Authority,Clay Scroggins,2017
The Innovator's Dilemma: When New Technologies Cause Great Firms to Fail (Management of Innovation and Change),Clayton M. Christensen,2013
How the Word Is Passed: A Reckoning with the History of Slavery Across America,Clint   Smith,2021
The Underground Railroad,Colson Whitehead,2016
The Nickel Boys,Colson Whitehead,2019
Golden Gates: Fighting for Housing in America,Conor Dougherty,2020
Making a Scene,Constance Wu,2022
"House of Trump, House of Putin: The Untold Story of Donald Trump and the Russian Mafia",Craig Unger,2018
The Afghanistan Papers: A Secret History of the War,Craig Whitlock,2021
Only Say Good Things: Surviving Playboy and Finding Myself,Crystal Hefner,2024
The Mind Illuminated: A Complete Meditation Guide Integrating Buddhist Wisdom and Brain Science,Culadasa (John Charles Yates),2015
"Banned Books: The World's Most Controversial Books, Past and Present (DK Secret Histories)",D.K. Publishing,2022
A Black Women's History of the United States (ReVisioning History),Daina Ramey Berry,2020
The Path to Enlightenment,Dalai Lama,1994
The Art of Happiness in a Troubled World,Dalai Lama XIV,2009
The Book of Joy: Lasting Happiness in a Changing World,Dalai Lama XIV,2016
For the Benefit of All Beings: A Commentary on the Way of the Bodhisattva,Dalai Lama XIV,2009
A Call for Revolution: A Vision for the Future,Dalai Lama XIV,2018
Be Angry,Dalai Lama XIV,2019
How to Win Friends and Influence People,Dale Carnegie,1998
"Public Speaking for Success: The Complete Program, Revised and Updated",Dale Carnegie,2006
"The Gap and The Gain: The High Achievers' Guide to Happiness, Confidence, and Success",Dan  Sullivan,2021
Way of the Peaceful Warrior: A Book That Changes Lives,Dan Millman,2006
"Yes We (Still) Can: Politics in the Age of Obama, Twitter, and Trump",Dan Pfeiffer,2018
What Unites Us: Reflections on Patriotism,Dan Rather,2017
Homie,Danez Smith,2020
The Culture Code: The Secrets of Highly Successful Groups,Daniel Coyle,2018
Working with Emotional Intelligence,Daniel Goleman,2000
Emotional Intelligence: Why It Can Matter More Than IQ,Daniel Goleman,2006
The Power of Regret: How Looking Backward Moves Us Forward,Daniel H. Pink,2022
Drive: The Surprising Truth About What Motivates Us,Daniel H. Pink,2009
When: The Scientific Secrets of Perfect Timing,Daniel H. Pink,2018
The Organized Mind: Thinking Straight in the Age of Information Overload,Daniel J. Levitin,2014
Successful Aging: A Neuroscientist Explores the Power and Potential of Our Lives,Daniel J. Levitin,2020
"Thinking, Fast and Slow",Daniel Kahneman,2011
Noise: A Flaw in Human Judgment,Daniel Kahneman,2021
The Office of Historical Corrections,Danielle  Evans,2020
The Ugly Cry,Danielle Henderson,2021
Serving the Servant: Remembering Kurt Cobain,Danny Goldberg,2019
"The Narrow Corridor: States, Societies, and the Fate of Liberty",Daron Acemoğlu,2019
Ten Ways Not to Commit Suicide: A Memoir,Darryl McDaniels,2016
Parkland: Birth of a Movement,Dave Cullen,2019
"The Circle (The Circle, #1)",Dave Eggers,2013
The Storyteller: Tales of Life and Music,Dave Grohl,2021
Get Out of Your Own Way: A Skeptic's Guide to Growth and Fulfillment,Dave Hollis,2020
Robin,Dave Itzkoff,2018
Getting Things Done: The Art of Stress-Free Productivity,David    Allen,2002
The Second Mountain,David  Brooks,2019
The Road to Character,David  Brooks,2015
Furious Cool: Richard Pryor and the World That Made Him,David  Henry,2013
Lifespan: Why We Age―and Why We Don't Have To,David A. Sinclair,2019
Believer: My Forty Years in Politics,David Axelrod,2015
How Music Works,David Byrne,2012
The Big Cheat: How Donald Trump Fleeced America and Enriched Himself and His Family,David Cay Johnston,2021
Feeling Good: The New Mood Therapy,David D. Burns,2008
"This Is Water: Some Thoughts, Delivered on a Significant Occasion, about Living a Compassionate Life",David Foster Wallace,2009
Infinite Jest,David Foster Wallace,2005
The Dawn of Everything: A New History of Humanity,David Graeber,2021
Bullshit Jobs: A Theory,David Graeber,2018
The Magic of Thinking Big,David J. Schwartz,1987
"Thanks, Obama: My Hopey, Changey White House Years",David Litt,2017
"How to Lead: Wisdom from the World's Greatest CEOs, Founders, and Game Changers",David M. Rubenstein,2020
The American Spirit: Who We Are and What We Stand For,David McCullough,2017
The Power of Zero: How to Get to the 0% Tax Bracket and Transform Your Retirement,David McKnight,2014
Authenticity: A Guide to Living in Harmony with Your True Self,David Posen,2018
Happy-Go-Lucky,David Sedaris,2022
Calypso,David Sedaris,2018
"The Immortal Game: A History of Chess, or How 32 Carved Pieces on a Board Illuminated Our Understanding of War, Art, Science and the Human Brain",David Shenk,2006
Ladyparts,Deborah Copaken,2021
Bury My Heart at Wounded Knee: An Indian History of the American West,Dee Brown,2001
You Are the Universe: Discovering Your Cosmic Self and Why It Matters,Deepak Chopra,2017
The Soul of Leadership: Unlocking Your Potential for Greatness,Deepak Chopra,2010
Where the Crawdads Sing,Delia Owens,2018
"Red Roulette: An Insider's Story of Wealth, Power, Corruption, and Vengeance in Today's China",Desmond Shum,2021
Laziness Does Not Exist,Devon  Price,2021
"Member of the Family: My Story of Charles Manson, Life Inside His Cult, and the Darkness That Ended the Sixties",Dianne Lake,2017
This Is the Fire: What I Say to My Friends About Racism,Don Lemon,2021
One Friday in April: A Story of Suicide and Survival,Donald Antrim,2021
"White Man's Justice, Black Man's Grief",Donald Goines,2000
The Nine Lives of Rose Napolitano,Donna Freitas,2021
The Goldfinch,Donna Tartt,2013
Thanks for Waiting: The Joy (and Weirdness) of Being a Late Bloomer,Doree  Shafrir,2021
The Long Game: How to Be a Long-Term Thinker in a Short-Term World,Dorie Clark,2021
Team of Rivals: The Political Genius of Abraham Lincoln,Doris Kearns Goodwin,2005
The Whiteness of Wealth: How the Tax System Impoverishes Black Americans—And How We Can Fix It,Dorothy A. Brown,2021
"Fatal Invention: How Science, Politics, and Big Business Re-create Race in the Twenty-First Century",Dorothy Roberts,2011
"The Hitchhiker’s Guide to the Galaxy (The Hitchhiker's Guide to the Galaxy, #1)",Douglas Adams,2007
Conversations with People Who Hate Me: 12 Things I Learned from Talking to Internet Strangers,Dylan Marron,2022
"One Nation After Trump: A Guide for the Perplexed, the Disillusioned, the Desperate, and the Not-Yet Deported",E.J. Dionne Jr.,2017
"Creativity, Inc.: Overcoming the Unseen Forces That Stand in the Way of True Inspiration",Ed Catmull,2014
An Immense World: How Animal Senses Reveal the Hidden Realms Around Us,Ed Yong,2022
I Contain Multitudes: The Microbes Within Us and a Grander View of Life,Ed Yong,2016
Fresh Off the Boat,Eddie Huang,2013
Devil Take the Hindmost: A History of Financial Speculation,Edward Chancellor,2000
Garbology: Our Dirty Love Affair with Trash,Edward Humes,2012
True Compass: A Memoir,Edward M. Kennedy,2009
Permanent Record,Edward Snowden,2019
"Politics Is for Power: How to Move Beyond Political Hobbyism, Take Action, and Make Real Change",Eitan D. Hersh,2020
America Is Not the Heart,Elaine Castillo,2018
The Autobiography of Eleanor Roosevelt,Eleanor Roosevelt,2000
The All-or-Nothing Marriage: How the Best Marriages Work,Eli J. Finkel,2017
Rising Out of Hatred: The Awakening of a Former White Nationalist,Eli Saslow,2018
We're Better Than This,Elijah Cummings,2020
On Grief and Grieving: Finding the Meaning of Grief Through the Five Stages of Loss,Elisabeth Kübler-Ross,2007
Big Magic: Creative Living Beyond Fear,Elizabeth Gilbert,2015
Under a White Sky: The Nature of the Future,Elizabeth Kolbert,2021
Persist,Elizabeth Warren,2021
This Fight Is Our Fight: The Battle to Save America's Middle Class,Elizabeth Warren,2017
A Fighting Chance,Elizabeth Warren,2014
Pageboy,Elliot Page,2023
A Peculiar Indifference: The Neglected Toll of Violence on Black America,Elliott Currie,2020
Me,Elton John,2019
Charged: The New Movement to Transform American Prosecution and End Mass Incarceration,Emily Bazelon,2019
"Stress Less, Accomplish More: The 15-Minute Meditation Programme for Extraordinary Performance",Emily Fletcher,2019
Come as You Are: The Surprising New Science that Will Transform Your Sex Life,Emily Nagoski,2015
My Body,Emily Ratajkowski,2021
Sea of Tranquility,Emily St. John Mandel,2022
Uncomfortable Conversations with a Black Boy,Emmanuel Acho,2021
Uncomfortable Conversations With a Black Man,Emmanuel Acho,2020
The Socrates Express: In Search of Life Lessons from Dead Philosophers,Eric    Weiner,2020
The Almanack of Naval Ravikant: A Guide to Wealth and Happiness,Eric Jorgenson,2020
The Startup Way: How Modern Companies Use Entrepreneurial Management to Transform Culture and Drive Long-Term Growth,Eric Ries,2017
The Lean Startup,Eric Ries,2011
"Command and Control: Nuclear Weapons, the Damascus Accident, and the Illusion of Safety",Eric Schlosser,2013
Trillion Dollar Coach: The Leadership Playbook of Silicon Valley's Bill Campbell,Eric Schmidt,2019
Personal Finance for Dummies,Eric Tyson,2019
She Came to Slay: The Life and Times of Harriet Tubman,Erica Armstrong Dunbar,2019
"Digital Body Language: How to Build Trust and Connection, No Matter the Distance",Erica Dhawan,2021
The Making of Asian America: A History,Erika  Lee,2015
"Somewhere Sisters: A Story of Adoption, Identity, and the Meaning of Family",Erika Hayasaki,2022
Crying in the Bathroom,Erika L. Sánchez,2022
"Political Suicide: Missteps, Peccadilloes, Bad Calls, Backroom Hijinx, Sordid Pasts, Rotten Breaks, and Just Plain Dumb Mistakes in the Annals of American Politics",Erin McHugh,2016
The Culture Map: Breaking Through the Invisible Boundaries of Global Business,Erin Meyer,2014
The Denial of Death,Ernest Becker,1997
"Ready Player One (Ready Player One, #1)",Ernest Cline,2011
"Ready Player Two (Ready Player One, #2)",Ernest Cline,2020
The State of Affairs: Rethinking Infidelity,Esther Perel,2017
Mating in Captivity: Reconciling the Erotic and the Domestic,Esther Perel,2006
"Chatter: The Voice in Our Head, Why It Matters, and How to Harness It",Ethan Kross,2021
A Thousand Miles to Freedom: My Escape from North Korea,Eunsun Kim,2015
First: Sandra Day O'Connor,Evan Thomas,2019
Why We're Polarized,Ezra Klein,2020
The Curious Case of Benjamin Button And Other Stories,F. Scott Fitzgerald,2007
American Made: What Happens to People When Work Disappears,Farah Stockman,2021
Mr. Putin: Operative in the Kremlin,Fiona  Hill,2013
Acid for the Children,Flea,2019
Diet for a Small Planet,Frances Moore Lappé,2021
Liberalism and Its Discontents,Francis Fukuyama,2022
The Wild Edge of Sorrow: Rituals of Renewal and the Sacred Work of Grief,Francis Weller,2015
Are We Smart Enough to Know How Smart Animals Are?,Frans de Waal,2017
Narrative of the Life of Frederick Douglass,Frederick Douglass,2004
Things My Son Needs to Know About the World,Fredrik Backman,2019
The Cult of Smart: How Our Broken Education System Perpetuates Social Injustice,Fredrik deBoer,2020
"The Myth of Normal: Trauma, Illness, and Healing in a Toxic Culture",Gabor Maté,2022
"Hype : How Scammers, Grifters, and Con Artists Are Taking Over the Internet—and Why We're Following",Gabrielle Bluestone,2021
Ejaculate Responsibly: A Whole New Way to Think About Abortion,Gabrielle Stanley Blair,2022
You Got Anything Stronger?: Stories,Gabrielle Union,2021
We're Going to Need More Wine,Gabrielle Union,2017
Eleanor Oliphant Is Completely Fine,Gail Honeyman,2017
Deep Thinking: Where Machine Intelligence Ends and Human Creativity Begins,Garry Kasparov,2017
"Do the Work: The Official Unrepentant, Ass-Kicking, No-Kidding, Change-Your-Life Sidekick to Unfu*k Yourself",Gary John Bishop,2019
Stop Doing That Sh*t: End Self-Sabotage and Demand Your Life Back,Gary John Bishop,2019
Unfu*k Yourself: Get Out of Your Head and into Your Life,Gary John Bishop,2017
Stalling for Time: My Life as an FBI Hostage Negotiator,Gary Noesner,2010
Twelve and a Half: Leveraging the Emotional Ingredients Necessary for Business Success,Gary Vaynerchuk,2021
The thank you economy,Gary Vaynerchuk,2011
"Crushing It!: How Great Entrepreneurs Build Their Business and Influence—and How You Can, Too",Gary Vaynerchuk,2018
The Seat of the Soul,Gary Zukav,2012
The Genius Zone: The Breakthrough Process to End Negative Thinking and Live in True Creativity,Gay Hendricks,2021
On Power: My Journey Through the Corridors of Power and How You Can Get More Power,Gene Simmons,2017
Life After Google: The Fall of Big Data and the Rise of the Blockchain Economy,George Gilder,2018
1984,George Orwell,2004
The Richest Man in Babylon,George S. Clason,2013
Tenth of December: Stories,George Saunders,2013
21 Lessons: What I've Learned from Falling Down the Bitcoin Rabbit Hole,Gigi,2020
Untamed,Glennon Doyle,2020
Love Warrior,Glennon Doyle Melton,2016
Outrageous Acts and Everyday Rebellions,Gloria Steinem,1995
My Life on the Road,Gloria Steinem,2015
No One Tells You This,Glynnis MacNicol,2018
Three Cups of Tea: One Man's Mission to Promote Peace ... One School at a Time,Greg Mortenson,2007
It’s Better Than It Looks: Reasons for Optimism in an Age of Fear,Gregg Easterbrook,2018
The Boys in the Boat: The True Story of an American Team's Epic Journey to Win Gold at the 1936 Olympics,Gregory Mone,2015
The Man Who Solved the Market: How Jim Simons Launched the Quant Revolution,Gregory Zuckerman,2019
No One Is Too Small to Make a Difference,Greta Thunberg,2019
"The Four Tendencies: The Indispensable Personality Profiles That Reveal How to Make Your Life Better (and Other People's Lives Better, Too)",Gretchen Rubin,2017
"Outer Order, Inner Calm: Declutter & Organize to Make More Room for Happiness",Gretchen Rubin,2019
Better Than Before: Mastering the Habits of Our Everyday Lives,Gretchen Rubin,2015
"The Art of the Start: The Time-Tested, Battle-Hardened Guide for Anyone Starting Anything",Guy Kawasaki,2004
Have You Eaten Grandma?,Gyles Brandreth,2018
The In-Between: Unforgettable Encounters During Life's Final Moments,Hadley Vlahos,2023
Screamfree Parenting: The Revolutionary Approach to Raising Your Kids by Keeping Your Cool,Hal Edward Runkel,2007
"A Beautifully Foolish Endeavor (The Carls, #2)",Hank Green,2020
"An Absolutely Remarkable Thing (The Carls, #1)",Hank Green,2018
Do I Make Myself Clear? Why Writing Well Matters,Harold Evans,2017
How to Stay Married: The Most Insane Love Story Ever Told,Harrison Scott Key,2023
"South of the Border, West of the Sun",Haruki Murakami,2006
The Wind-Up Bird Chronicle,Haruki Murakami,1997
Sputnik Sweetheart,Haruki Murakami,2002
What I Talk About When I Talk About Running,Haruki Murakami,2008
Men Without Women,Haruki Murakami,2017
Finding and Keeping the Love You Want,Harville Hendrix,2011
Getting the Love You Want: A Guide for Couples,Harville Hendrix,2005
The Sum of Us: What Racism Costs Everyone and How We Can Prosper Together,Heather  McGhee,2021
Foreverland: On the Divine Tedium of Marriage,Heather Havrilesky,2022
Butts: A Backstory,Heather Radke,2022
Reclaiming Her Time: The Power of Maxine Waters,Helena Andrews-Dyer,2020
Walden,Henry David Thoreau,2004
On the Duty of Civil Disobedience,Henry David Thoreau,2006
The Age of AI and Our Human Future,Henry Kissinger,2021
"Moby-Dick or, The Whale",Herman Melville,2003
What Happened,Hillary Rodham Clinton,2017
From the Ground Up: A Journey to Reimagine the Promise of America,Howard Schultz,2019
Speed Reading Secrets of the World's Fastest Reader: How you could Double (or even triple) Your Reading Speed,Howard Stephen Berg,2014
Stamped from the Beginning: The Definitive History of Racist Ideas in America,Ibram X. Kendi,2016
How to Be an Antiracist,Ibram X. Kendi,2019
Mediocre: The Dangerous Legacy of White Male America,Ijeoma Oluo,2020
So You Want to Talk About Race,Ijeoma Oluo,2018
This Is What America Looks Like: My Journey from Refugee to Congresswoman,Ilhan Omar,2020
Notorious RBG: The Life and Times of Ruth Bader Ginsburg,Irin Carmon,2015
Caste: The Origins of Our Discontents,Isabel Wilkerson,2020
Slouching Towards Utopia: An Economic History of the Twentieth Century,J. Bradford DeLong,2022
Hillbilly Elegy: A Memoir of a Family and Culture in Crisis,J.D. Vance,2016
The Success Principles: How to Get from Where You Are to Where You Want to Be,Jack Canfield,2006
On the Road,Jack Kerouac,1976
The Dharma Bums,Jack Kerouac,1986
"Guided Meditation: Six Essential Practices to Cultivate Love, Awareness, and Wisdom",Jack Kornfield,2007
Let Them Eat Tweets: How the Right Rules in an Age of Extreme Inequality,Jacob S. Hacker,2020
"The Possibility of Life: Science, Imagination, and Our Quest for Kinship in the Cosmos",Jaime Green,2023
How Rights Went Wrong: Why Our Obsession with Rights Is Tearing America Apart,Jamal Greene,2021
The Mastery of Destiny,James Allen,2007
As a Man Thinketh,James Allen,2006
Notes of a Native Son,James Baldwin,1984
The Fire Next Time,James Baldwin,1993
"Great by Choice: Uncertainty, Chaos, and Luck—Why Some Thrive Despite Them All",James C. Collins,2011
"Built to Last: Successful Habits of Visionary Companies (Good to Great, 2)",James C. Collins,2004
Atomic Habits: An Easy & Proven Way to Build Good Habits & Break Bad Ones,James Clear,2018
The Sovereign Individual: Mastering the Transition to the Information Age,James Dale Davidson,1999
Clean: The New Science of Skin,James Hamblin,2020
Ulysses,James Joyce,1990
The Physics of Everyday Things: The Extraordinary Science Behind an Ordinary Day,James Kakalios,2017
Breath: The New Science of a Lost Art,James Nestor,2020
"What Really Happens in Vegas: True Stories of the People Who Make Vegas, Vegas",James Patterson,2023
Into the Magic Shop: A Neurosurgeon's Quest to Discover the Mysteries of the Brain and the Secrets of the Heart,James R. Doty,2016
The New Great Depression: Winners and Losers in a Post-Pandemic World,James Rickards,2021
The Wisdom of Crowds,James Surowiecki,2005
Lies My Teacher Told Me: Everything Your American History Textbook Got Wrong,James W. Loewen,1996
The Missing Cryptoqueen: The Billion Dollar Cryptocurrency Con and the Woman Who Got Away with It,Jamie Bartlett,2022
"Unthinkable: Trauma, Truth, and the Trials of American Democracy",Jamie Raskin,2022
Dark Money: The Hidden History of the Billionaires Behind the Rise of the Radical Right,Jane Mayer,2016
The Third Chimpanzee: The Evolution and Future of the Human Animal,Jared Diamond,2006
"Guns, Germs, and Steel: The Fates of Human Societies",Jared Diamond,2005
My Wife Said You May Want to Marry Me,Jason B. Rosenthal,2020
"Stamped: Racism, Antiracism, and You",Jason Reynolds,2020
Organize Tomorrow Today: 8 Ways to Retrain Your Mind to Optimize Performance at Work and in Life,Jason Selk,2015
Once More We Saw Stars: A Memoir,Jayson Greene,2019
American Dirt,Jeanine Cummins,2020
Crowdsourcing: Why the Power of the Crowd Is Driving the Future of Business,Jeff   Howe,2008
Real Artists Don't Starve: Timeless Strategies for Thriving in the New Creative Age,Jeff Goins,
The Motivation Myth: How High Achievers Really Set Themselves Up to Win,Jeff Haden,2018
How to Write One Song: Loving the Things We Create and How They Love Us Back,Jeff Tweedy,2020
Rise: A Pop History of Asian America from the Nineties to Now,Jeff Yang,2022
You Are a Badass: How to Stop Doubting Your Greatness and Start Living an Awesome Life,Jen Sincero,2013
I'm Glad My Mom Died,Jennette McCurdy,2022
Find Your People: Building Deep Community in a Lonely World,Jennie Allen,2022
"Humor, Seriously: Why Humor Is a Secret Weapon in Business and Life (And how anyone can harness it. Even you.)",Jennifer Aaker,2021
When Women Invented Television: The Untold Story of the Female Powerhouses Who Pioneered the Way We Watch Today,Jennifer Keishin Armstrong,2021
Seinfeldia: How a Show About Nothing Changed Everything,Jennifer Keishin Armstrong,2016
Dear Madam President: An Open Letter to the Women Who Will Run the World,Jennifer Palmieri,2018
How to Do Nothing: Resisting the Attention Economy,Jenny Odell,2019
Is This Anything?,Jerry Seinfeld,2020
The Fire This Time: A New Generation Speaks About Race,Jesmyn Ward,2016
"Living with the Monks: What Turning Off My Phone Taught Me about Happiness, Gratitude, and Focus",Jesse Itzler,2018
Living with a SEAL: 31 Days Training with the Toughest Man on the Planet,Jesse Itzler,2015
Let the People Pick the President: The Case for Abolishing the Electoral College,Jesse Wegman,2020
I'll Show Myself Out: Essays on Midlife and Motherhood,Jessi Klein,2022
You'll Grow Out of It,Jessi Klein,2016
Nomadland: Surviving America in the Twenty-First Century,Jessica Bruder,2018
"Polysecure: Attachment, Trauma and Consensual Nonmonogamy",Jessica Fern,2020
Screaming on the Inside: The Unsustainability of American Motherhood,Jessica Grose,2022
"Sorry I'm Late, I Didn't Want to Come: An Introvert's Year of Living Dangerously",Jessica Pan,2019
Rejection Proof: How I Beat Fear and Became Invincible Through 100 Days of Rejection,Jia Jiang,2015
My Stroke of Insight: A Brain Scientist's Personal Journey,Jill Bolte Taylor,2006
If Then: How the Simulmatics Corporation Invented the Future,Jill Lepore,2020
"A Call to Action: Women, Religion, Violence, and Power",Jimmy Carter,2014
Faith: A Journey For All,Jimmy Carter,2018
A Full Life: Reflections at Ninety,Jimmy Carter,2015
Blue Nights,Joan Didion,2011
The Year of Magical Thinking,Joan Didion,2007
The Dichotomy of Leadership: Balancing the Challenges of Extreme Ownership to Lead and Win,Jocko Willink,2018
Leadership Strategy and Tactics: Field Manual,Jocko Willink,2020
Extreme Ownership: How U.S. Navy SEALs Lead and Win,Jocko Willink,2015
She Said: Breaking the Sexual Harassment Story That Helped Ignite a Movement,Jodi Kantor,2019
Promises to Keep: On Life and Politics,Joe Biden,2007
Becoming Supernatural: How Common People are Doing the Uncommon,Joe Dispenza,2017
You Are the Placebo: Making Your Mind Matter,Joe Dispenza,2014
Breaking the Habit of Being Yourself: How to Lose Your Mind and Create a New One,Joe Dispenza,2012
Your Money or Your Life: 9 Steps to Transforming Your Relationship with Money and Achieving Financial Independence,Joe Dominguez,2018
Sticky Fingers: The Life and Times of Jann Wenner and Rolling Stone Magazine,Joe Hagan,2017
Stolen Focus: Why You Can't Pay Attention— and How to Think Deeply Again,Johann Hari,2022
Across That Bridge: A Vision for Change and the Future of America,John             Lewis,2012
Every Day is Extra,John   Kerry,2018
The Power of Significance,John C. Maxwell,2017
Bad Blood: Secrets and Lies in a Silicon Valley Startup,John Carreyrou,2018
Black Elk Speaks: Being the Life Story of a Holy Man of the Oglala Sioux,John G. Neihardt,2005
Paper Towns,John Green,2009
The Fault in Our Stars,John Green,2012
An Abundance of Katherines,John Green,2006
Looking for Alaska,John Green,2006
A Confederacy of Dunces,John Kennedy Toole,2005
"The Love Prescription: Seven Days to More Intimacy, Connection, and Joy",John M. Gottman,2022
"The Restless Wave: Good Times, Just Causes, Great Fights and Other Appreciations",John McCain,2018
"Nine Nasty Words: English in the Gutter — Then, Now, and Forever",John McWhorter,2021
The New Confessions of an Economic Hit Man,John Perkins,2016
The Room Where It Happened: A White House Memoir,John R. Bolton,2020
The Art of Public Speaking: Lessons From the Greatest Speeches in History,John R. Hale,2010
If You Would Have Told Me,John Stamos,2023
East of Eden,John Steinbeck,2002
The Grapes of Wrath,John Steinbeck,2011
The Life-Changing Science of Detecting Bullshit,John V. Petrocelli,2021
Worse Than Watergate: The Secret Presidency of George W. Bush,John W. Dean,2004
America (The Book): A Citizen's Guide to Democracy Inaction,Jon   Stewart,2004
The Healing Power of Mindfulness: A New Way of Being,Jon Kabat-Zinn,2018
Where Men Win Glory: The Odyssey of Pat Tillman,Jon Krakauer,2009
Into the Wild,Jon Krakauer,1997
Contagious: Why Things Catch On,Jonah Berger,2013
"His Very Best: Jimmy Carter, a Life",Jonathan Alter,2020
The Righteous Mind: Why Good People Are Divided by Politics and Religion,Jonathan Haidt,2012
The Coddling of the American Mind: How Good Intentions and Bad Ideas Are Setting Up a Generation for Failure,Jonathan Haidt,2018
Dying of Whiteness: How the Politics of Racial Resentment Is Killing America's Heartland,Jonathan M. Metzl,2019
"Move Fast and Break Things: How Facebook, Google, and Amazon Cornered Culture and Undermined Democracy",Jonathan Taplin,2017
12 Rules for Life: An Antidote to Chaos,Jordan B. Peterson,2018
Maps of Meaning: The Architecture of Belief,Jordan B. Peterson,1999
Dear America: Notes of an Undocumented Citizen,Jose Antonio Vargas,2018
The Power of Myth,Joseph Campbell,1988
Stuff You Should Know: An Incomplete Compendium of Mostly Interesting Things,Josh      Clark,2020
The Debt Trap: How Student Loans Became a National Catastrophe,Josh  Mitchell,2021
The More of Less: Finding the Life You Want Under Everything You Own,Joshua Becker,2016
The Ledger and the Chain: How Domestic Slave Traders Shaped America,Joshua D. Rothman,2021
Then We Came to the End,Joshua Ferris,2007
"Love People, Use Things: Because the Opposite Never Works",Joshua Fields Millburn,2021
Moonwalking with Einstein: The Art and Science of Remembering Everything,Joshua Foer,2011
Revelations in Air: A Guidebook to Smell,Jude Stewart,2021
A Place For Everything: The Curious History of Alphabetical Order,Judith Flanders,2020
Unwinding Anxiety,Judson Brewer,2021
"Stop Self-Sabotage: Six Steps to Unlock Your True Motivation, Harness Your Willpower, and Get Out of Your Own Way",Judy Ho,2019
Come Fly The World: The Jet-Age Story of the Women of Pan Am,Julia  Cooke,2021
The Artist's Way: A Spiritual Path to Higher Creativity,Julia Cameron,2005
How to be Heard: Secrets for Powerful Speaking and Listening (Communication Skills Book),Julian Treasure,2017
Drown,Junot Díaz,1997
The Brief Wondrous Life of Oscar Wao,Junot Díaz,2007
Trump on the Couch: Inside the Mind of the President,Justin A. Frank,2018
Man Enough: Undefining My Masculinity,Justin Baldoni,2021
Everybody Has a Podcast (Except You): A How-to Guide from the First Family of Podcasting,Justin McElroy,2021
How to Keep House While Drowning: A Gentle Approach to Cleaning and Organizing,K.C.  Davis,2022
Coined: The Rich Life of Money and How Its History Has Shaped Us,Kabir Sehgal,2015
You Can’t Be Serious,Kal Penn,2021
The Truths We Hold: An American Journey,Kamala Harris,2019
"Seduction: Sex, Lies, and Stardom in Howard Hughes's Hollywood",Karina Longworth,2018
The Communist Manifesto,Karl Marx,2002
The Undocumented Americans,Karla Cornejo Villavicencio,2020
We Should Get Together: The Secret to Cultivating Better Friendships,Kat Vellos,2020
You're Not Listening: What You're Missing and Why It Matters,Kate   Murphy,2020
The Residence: Inside the Private World of the White House,Kate Andersen Brower,2015
My Remarkable Journey,Katherine G. Johnson,2021
Wintering: The Power of Rest and Retreat in Difficult Times,Katherine May,2020
Conscious Uncoupling: 5 Steps to Living Happily Even After,Katherine Woodward Thomas,2015
Bring the War Home: The White Power Movement and Paramilitary America,Kathleen Belew,2018
The End of Everything (Astrophysically Speaking),Katie  Mack,2020
The Classical Music Book: Big Ideas Simply Explained (DK Big Ideas),Katie Derham,2018
The Art of Dying Well: A Practical Guide to a Good End of Life,Katy Butler,2019
Unbelievable: My Front-Row Seat to the Craziest Campaign in American History,Katy Tur,2017
Klara and the Sun,Kazuo Ishiguro,2021
How We Get Free: Black Feminism and the Combahee River Collective,Keeanga-Yamahtta Taylor,2017
Life,Keith Richards,2010
Revolution in Our Time: The Black Panther Party's Promise to the People,Kekla Magoon,2021
Built to Move: The Ten Essential Habits to Help You Move Freely and Live Fully,Kelly Starrett,2023
"There Is No Good Card for This: What To Say and Do When Life Is Scary, Awful, and Unfair to People You Love",Kelsey Crowe,2017
Replay,Ken Grimwood,1998
Happy Money: The Japanese Art of Making Peace with Your Money,Ken Honda,2019
One Flew Over the Cuckoo’s Nest,Ken Kesey,1963
The Paper Menagerie and Other Stories,Ken Liu,2016
Awakening Your Ikigai: How the Japanese Wake Up to Joy and Purpose Every Day,Ken Mogi,2018
"The Lazy Genius Way: Embrace What Matters, Ditch What Doesn't, and Get Stuff Done",Kendra Adachi,2020
One Minute Mentoring: How to Find and Work With a Mentor--And Why You'll Benefit from Being One,Kenneth H. Blanchard,2017
The Wrecking Crew: The Inside Story of Rock and Roll's Best-Kept Secret,Kent Hartman,2012
Ghost in the Wires: My Adventures as the World's Most Wanted Hacker,Kevin D. Mitnick,2011
The Art of Invisibility: The World's Most Famous Hacker Teaches You How to Be Safe in the Age of Big Brother and Big Data,Kevin D. Mitnick,2017
Excellent Advice for Living: Wisdom I Wish I'd Known Earlier,Kevin Kelly,2023
"Crazy Rich Asians (Crazy Rich Asians, #1)",Kevin Kwan,2013
The Kite Runner,Khaled Hosseini,2004
A Thousand Splendid Suns,Khaled Hosseini,2007
"The Condemnation of Blackness: Race, Crime, and the Making of Modern Urban America",Khalil Gibran Muhammad,2017
Heavy,Kiese Laymon,2018
Radical Candor: Be a Kickass Boss Without Losing Your Humanity,Kim Malone Scott,2017
Subconscious Power: Use Your Inner Mind to Create the Life You've Always Wanted,Kimberly Friedmutter,2019
When Strangers Meet: How People You Don't Know Can Transform You,Kio Stark,2016
"So You Want to Start a Podcast: Finding Your Voice, Telling Your Story, and Building a Community That Will Listen",Kristen Meinzer,2019
Seek You: A Journey Through American Loneliness,Kristen Radtke,2021
Self-Compassion: The Proven Power of Being Kind to Yourself,Kristin Neff,2011
Fantasyland: How America Went Haywire: A 500-Year History,Kurt Andersen,2017
"How to Host a Viking Funeral: The Case for Burning Your Regrets, Chasing Your Crazy Ideas, and Becoming the Person You're Meant to Be",Kyle Scheele,2022
Notes on a Silencing: A Memoir,Lacy Crawford,2020
Conditional Citizens: On Belonging in America,Laila Lalami,2020
Demagogue: The Life and Long Shadow of Senator Joe McCarthy,Larry Tye,2020
The Mind of a Bee,Lars Chittka,2022
The Last Thing He Told Me,Laura Dave,2021
Signs: The Secret Language of the Universe,Laura Lynne Jackson,2019
An Invisible Thread,Laura Schroff,2011
"The Cryptopians: Idealism, Greed, Lies, and the Making of the First Big Cryptocurrency Craze",Laura Shin,2022
What Looks Like Bravery: An Epic Journey Through Loss to Love,Laurel Braitman,2023
Good for a Girl: A Woman Running in a Man's World,Lauren Fleshman,2023
Have I Told You This Already?: Stories I Don’t Want to Forget to Remember,Lauren Graham,2022
Matrix,Lauren Groff,2021
Betting on You: How to Put Yourself First and (Finally) Take Control of Your Career,Laurie Ruettimann,2021
"Me and White Supremacy: Combat Racism, Change the World, and Become a Good Ancestor",Layla F. Saad,2020
The Innovation Delusion: How Our Obsession with the New Has Disrupted the Work That Matters Most,Lee Vinsel,2020
Subtract: The Untapped Science of Less,Leidy Klotz,2021
How to Talk to Anyone: 62 Little Tricks for Big Success in Relationships,Leil Lowndes,2014
"Chasing Space: An Astronaut's Story of Grit, Grace, and Second Chances",Leland Melvin,2017
"Not That Kind of Girl: A Young Woman Tells You What She's ""Learned""",Lena Dunham,2014
"The Club: Johnson, Boswell, and the Friends Who Shaped an Age",Leo Damrosch,2019
Anna Karenina,Leo Tolstoy,2012
Boys Adrift: The Five Factors Driving the Growing Epidemic of Unmotivated Boys and Underachieving Young Men,Leonard Sax,2007
The Dead Are Arising: The Life of Malcolm X,Les Payne,2020
"Gmorning, Gnight!: Little Pep Talks for Me & You",Lin-Manuel Miranda,2018
Hamilton: The Revolution,Lin-Manuel Miranda,2016
"Self-Care for Adult Children of Emotionally Immature Parents: Honor Your Emotions, Nurture Your Self & Live with Confidence",Lindsay C. Gibson,2021
"Adult Children of Emotionally Immature Parents: How to Heal from Distant, Rejecting, or Self-Involved Parents",Lindsay C. Gibson,2015
Shrill: Notes from a Loud Woman,Lindy West,2016
Hunting Charles Manson: The Quest for Justice in the Days of Helter Skelter,Lis Wiehl,2018
Rachel Maddow: A Biography,Lisa Rogak,2020
In-Flight Korean: Learn Before You Land (LL (R) In-Flight),Living Language,2001
Horror Stories: A Memoir,Liz Phair,2019
For the Love of Men: A New Vision for Mindful Masculinity,Liz Plank,2019
Code Girls: The Untold Story of the American Women Code Breakers Who Helped Win World War II,Liza Mundy,2017
How to Not Die Alone: The Surprising Science That Will Help You Find Love,Logan Ury,2021
Marry Him: The Case for Settling for Mr. Good Enough,Lori Gottlieb,2010
Recovery of Your Inner Child: The Highly Acclaimed Method for Liberating Your Inner Self,Lucia Capacchione,1991
The Unexpected Truth About Animals: A Menagerie of the Misunderstood,Lucy Cooke,2017
Wanting: The Power of Mimetic Desire in Everyday Life,Luke Burgis,2021
I'm Judging You: The Do-Better Manual,Luvvie Ajayi,2016
Professional Troublemaker: The Fear-Fighter Manual,Luvvie Ajayi Jones,2021
"The Road Less Traveled: A New Psychology of Love, Traditional Values and Spiritual Growth",M. Scott Peck,1978
Persuasive Selling and Power Negotiation: Develop Unstoppable Sales Skills and Close ANY Deal,Made for Success,2010
Power Speed-Reading Performance System: Laugh While You Learn to Read Faster (Made for Success Collections),Made for Success,2012
Fascism: A Warning,Madeleine K. Albright,2018
Rated X: How Porn Liberated Me from Hollywood,Maitland Ward,2022
I Am Malala: The Story of the Girl Who Stood Up for Education and Was Shot by the Taliban,Malala Yousafzai,2013
"What To Do When Machines Do Everything: How to Get Ahead in a World of AI, Algorithms, Bots, and Big Data",Malcolm Frank,2017
"The Bomber Mafia: A Dream, a Temptation, and the Longest Night of the Second World War",Malcolm Gladwell,2021
"David and Goliath: Underdogs, Misfits, and the Art of Battling Giants",Malcolm Gladwell,2013
Talking to Strangers: What We Should Know About the People We Don’t Know,Malcolm Gladwell,2019
The Plot to Hack America: How Putin's Cyberspies and WikiLeaks Tried to Steal the 2016 Election,Malcolm W. Nance,2016
The Plot to Destroy Democracy: How Putin and his Spies are Undermining America and Dismantling the West,Malcolm W. Nance,2018
"Noughts & Crosses (Noughts & Crosses, #1)",Malorie Blackman,2006
Daring to Drive: A Saudi Woman's Awakening,Manal Al-Sharif,2017
Malcolm X: A Life of Reinvention,Manning Marable,2011
"The Scientist and the Spy: A True Story of China, the FBI, and Industrial Espionage",Mara Hvistendahl,2020
1000+ Little Things Happy Successful People Do Differently,Marc Chernoff,2019
Wizard: The Life and Times of Nikola Tesla: Biography of a Genius,Marc J. Seifer,2001
Except for Palestine: The Limits of Progressive Politics,Marc Lamont Hill,2021
Seven Practices of a Mindful Leader: Lessons from Google and a Zen Monastery Kitchen,Marc Lesser,2019
"Rock Concert: An Oral History as Told by the Artists, Backstage Insiders, and Fans Who Were There",Marc Myers,2021
That Will Never Work: The Birth of Netflix and the Amazing Life of an Idea,Marc Randolph,2019
MEDITATIONS: BY MARCUS AURELIUS,Marcus Aurelius,2017
Girls of a Certain Age,Maria Adelmann,2021
"Sure, I'll Join Your Cult: A Memoir of Mental Illness and the Quest to Belong Anywhere",Maria Bamford,2023
"A Return to Love: Reflections on the Principles of ""A Course in Miracles""",Marianne Williamson,1996
A Year of Miracles: Daily Devotions and Reflections,Marianne Williamson,2013
Kurashi at Home: How to Organize Your Space and Achieve Your Ideal Life,Marie Kondō,2022
Joy at Work: Organizing Your Professional Life,Marie Kondō,2020
The Life-Changing Magic of Tidying Up: The Japanese Art of Decluttering and Organizing,Marie Kondō,2015
What Are We Doing Here?,Marilynne Robinson,2018
"Animal, Vegetable, Junk: A History of Food, from Sustainable to Suicidal",Mark Bittman,2021
Advice Not Given: A Guide to Getting Over Yourself,Mark Epstein,2018
Just Listen: Discover the Secret to Getting Through to Absolutely Anyone,Mark Goulston,2009
The Curious Incident of the Dog in the Night-Time,Mark Haddon,2004
Salt: A World History,Mark Kurlansky,2003
Everything is F*cked: A Book About Hope,Mark Manson,2019
The Subtle Art of Not Giving a F*ck: A Counterintuitive Approach to Living a Good Life,Mark Manson,2016
The Luckiest Man: Life with John McCain,Mark Salter,2020
The Dorito Effect: The Surprising New Truth About Food and Flavor,Mark Schatzker,2015
A Sacred Oath: Memoirs of a Secretary of Defense During Extraordinary Times,Mark T. Esper,2022
It Didn't Start with You: How Inherited Family Trauma Shapes Who We Are and How to End the Cycle,Mark Wolynn,2016
"Nonviolent Communication: Create Your Life, Your Relationships, and Your World in Harmony with Your Values",Marshall B. Rosenberg,2015
The Way of Integrity: Finding the Path to Your True Self (Oprah's Book Club),Martha N. Beck,2021
The Sociopath Next Door,Martha Stout,2006
Stories I Might Regret Telling You: A Memoir,Martha Wainwright,2022
"The Bond King: How One Man Made a Market, Built an Empire, and Lost it All",Mary  Childs,2022
7 Lessons from Heaven: How Dying Taught Me to Live a Joy-Filled Life,Mary C. Neal,2017
Too Much and Never Enough: How My Family Created the World’s Most Dangerous Man,Mary L. Trump,2020
The Secret History of Food: Strange but True Stories About the Origins of Everything We Eat,Matt Siegel,2021
Hate Inc.: Why Today's Media Makes Us Despise One Another,Matt Taibbi,2019
The Divide: American Injustice in the Age of the Wealth Gap,Matt Taibbi,2014
Insane Clown President: Dispatches from the 2016 Circus,Matt Taibbi,2017
I Can't Breathe: A Killing on Bay Street,Matt Taibbi,2017
"Friends, Lovers, and the Big Terrible Thing",Matthew  Perry,2022
The World Beyond Your Head: On Becoming an Individual in an Age of Distraction,Matthew B. Crawford,2015
Evicted: Poverty and Profit in the American City,Matthew Desmond,2016
"Poverty, by America",Matthew Desmond,2023
The Bright Ages: A New History of Medieval Europe,Matthew Gabriele,2021
The Metaverse: And How It Will Revolutionize Everything,Matthew L. Ball,2022
Greenlights,Matthew McConaughey,2020
Why We Sleep: Unlocking the Power of Sleep and Dreams,Matthew Walker,2017
"How Happiness Happens: Finding Lasting Joy in a World of Comparison, Disappointment, and Unmet Expectations",Max Lucado,2019
"I Know Why the Caged Bird Sings (Maya Angelou's Autobiography, #1)",Maya Angelou,1993
It's OK That You're Not OK,Megan Devine,2017
"Sloppy Firsts (Jessica Darling, #1)",Megan McCafferty,2001
All the Missing Girls,Megan Miranda,2016
The Invisible Kingdom: Reimagining Chronic Illness,Meghan O'Rourke,2022
"Win Every Argument: The Art of Debating, Persuading, and Public Speaking",Mehdi Hasan,2023
The Color of Money: Black Banks and the Racial Wealth Gap,Mehrsa Baradaran,2017
The Moment of Lift: How Empowering Women Changes the World,Melinda French Gates,2019
"The Book of Joan: Tales of Mirth, Mischief, and Manipulation",Melissa Rivers,2015
Codependent No More: How to Stop Controlling Others and Start Caring for Yourself,Melody Beattie,1986
"Entangled Life: How Fungi Make Our Worlds, Change Our Minds & Shape Our Futures",Merlin Sheldrake,2020
The Personality Brokers: The Strange History of Myers-Briggs and the Birth of Personality Testing,Merve Emre,2018
The Big Short: Inside the Doomsday Machine,Michael   Lewis,2015
Flash Boys: A Wall Street Revolt,Michael   Lewis,2015
Boomerang: Travels in the New Third World,Michael   Lewis,2012
Moneyball: The Art of Winning an Unfair Game,Michael   Lewis,2004
Fire and Fury: Inside the Trump White House,Michael  Wolff,2018
The Untethered Soul: The Journey Beyond Yourself,Michael A. Singer,2007
I Don't Want to Die Poor: Essays,Michael Arceneaux,2020
The E-myth Revisited,Michael E. Gerber,1995
"What Truth Sounds Like: Robert F. Kennedy, James Baldwin, and Our Unfinished Conversation About Race in America",Michael Eric Dyson,2018
How Not to Die: Discover the Foods Scientifically Proven to Prevent and Reverse Disease,Michael Greger,2015
The Truth Machine: The Blockchain and the Future of Everything,Michael J. Casey,2018
The New Right: A Journey to the Fringe of American Politics,Michael Malice,2019
Cooked: A Natural History of Transformation,Michael Pollan,2013
"How to Change Your Mind: What the New Science of Psychedelics Teaches Us About Consciousness, Dying, Addiction, Depression, and Transcendence",Michael Pollan,2018
This Is Your Mind on Plants,Michael Pollan,2021
The Botany of Desire: A Plant's-Eye View of the World,Michael Pollan,2018
In Defense of Food: An Eater's Manifesto,Michael Pollan,2008
The New Jim Crow: Mass Incarceration in the Age of Colorblindness,Michelle Alexander,2020
The Light We Carry: Overcoming in Uncertain Times,Michelle Obama,2022
American Grown: The Story of the White House Kitchen Garden and Gardens Across America,Michelle Obama,2012
Crying in H Mart,Michelle Zauner,2021
The God Equation: The Quest for a Theory of Everything,Michio Kaku,2021
Hood Feminism: Notes from the Women That a Movement Forgot,Mikki Kendall,2020
The Unbearable Lightness of Being,Milan Kundera,2009
Promise That You Will Sing About Me: The Power and Poetry of Kendrick Lamar,Miles Marshall Lewis,2021
Why Not Me?,Mindy Kaling,2016
The Paper Palace,Miranda Cowley Heller,2021
The Stranger in the Lifeboat,Mitch Albom,2021
Pelosi,Molly  Ball,2020
"Molly's Game: From Hollywood's Elite to Wall Street's Billionaire Boys Club, My High-Stakes Adventure in the World of Underground Poker",Molly Bloom,2014
I Never Thought of It That Way,Monica Guzmán,2022
The Psychology of Money,Morgan Housel,2020
What Has Government Done to Our Money? and The Case for a 100 Percent Gold Dollar,Murray N. Rothbard,2005
White Trash: The 400-Year Untold History of Class in America,Nancy Isenberg,2016
Democracy in Chains: The Deep History of the Radical Right's Stealth Plan for America,Nancy MacLean,2017
On Fire: The Case for the Green New Deal,Naomi Klein,2019
No Is Not Enough: Resisting Trump’s Shock Politics and Winning the World We Need,Naomi Klein,2017
This Changes Everything: Capitalism vs. The Climate,Naomi Klein,2014
Think and Grow Rich,Napoleon Hill,2016
Antifragile: Things That Gain from Disorder,Nassim Nicholas Taleb,2012
English in America: A Linguistic History,Natalie Schilling,2016
The World Deserves My Children,Natasha Leggero,2022
"Cryptonomicon (Crypto, #1)",Neal Stephenson,2002
"Set Boundaries, Find Peace: A Guide to Reclaiming Yourself",Nedra Glover Tawwab,2021
The Inexplicable Universe: Unsolved Mysteries,Neil deGrasse Tyson,2014
Origins: Fourteen Billion Years of Cosmic Evolution,Neil deGrasse Tyson,2014
American Gods,Neil Gaiman,2011
Long Walk to Freedom,Nelson Mandela,1995
"Our History Is the Future: Standing Rock Versus the Dakota Access Pipeline, and the Long Tradition of Indigenous Resistance",Nick Estes,2019
Paddle Your Own Canoe: One Man's Fundamentals for Delicious Living,Nick Offerman,2013
A Living Remedy: A Memoir,Nicole Chung,2023
All You Can Ever Know,Nicole Chung,2018
"How to Do the Work: Recognize Your Patterns, Heal from Your Past, and Create Your Self",Nicole LePera,2021
This Is How They Tell Me the World Ends: The Cyberweapons Arms Race,Nicole Perlroth,2021
Nothing Is Missing: A Memoir of Living Boldly,Nicole Walters,2023
The Power of Onlyness: Make Your Wild Ideas Mighty Enough to Dent the World,Nilofer Merchant,2017
Million Dollar Weekend: The Surprisingly Simple Way to Launch a 7-Figure Business in 48 Hours,Noah Kagan,2024
Bad Vibes Only (and Other Things I Bring to the Table),Nora McInerny,2022
No Happy Endings,Nora McInerny Purmort,2019
The Hot Young Widows Club: Lessons on Survival from the Front Lines of Grief (TED Books),Nora McInerny Purmort,2019
O's Little Guide to Finding Your True Purpose,"O, The Oprah Magazine",2015
Change We Can Believe In: Barack Obama's Plan to Renew America's Promise,Obama for Change,2008
On Earth We're Briefly Gorgeous,Ocean Vuong,2019
"Parable of the Talents (Earthseed, #2)",Octavia E. Butler,2001
"Parable of the Sower (Earthseed, #1)",Octavia E. Butler,2000
Four Thousand Weeks: Time Management for Mortals,Oliver Burkeman,2021
Once Upon a Tome: The Misadventures of a Rare Bookseller,Oliver Darkshire,2023
Everything in Its Place: First Loves and Last Tales,Oliver Sacks,2019
Musicophilia: Tales of Music and the Brain,Oliver Sacks,2007
Gratitude,Oliver Sacks,2015
What I Know for Sure,Oprah Winfrey,2014
The Wisdom of Sundays: Life-Changing Insights from Super Soul Conversations,Oprah Winfrey,2017
Say What You Mean: A Mindful Approach to Nonviolent Communication,Oren Jay Sofer,2018
"Love, Pamela",Pamela Anderson,2023
Paris: The Memoir,Paris Hilton,2023
Your Second Act: Inspiring Stories of Reinvention,Patricia Heaton,2020
No One Is Talking About This,Patricia Lockwood,2021
"Churchill, Hitler, and ""The Unnecessary War"": How Britain Lost Its Empire and the West Lost the World",Patrick J. Buchanan,2008
Empire of Pain: The Secret History of the Sackler Dynasty,Patrick Radden Keefe,2021
Just Kids,Patti Smith,2010
When Breath Becomes Air,Paul Kalanithi,2016
The Return of Depression Economics and the Crisis of 2008,Paul Krugman,2008
Aristotle in 90 Minutes,Paul Strathern,1996
You Don't Have to Carry It All: Ditch the Mom Guilt and Find a Better Way Forward,Paula Faris,2023
Girls & Sex: Navigating the Complicated New Landscape,Peggy Orenstein,2016
"Boys & Sex: Young Men on Hookups, Love, Porn, Consent, and Navigating the New Masculinity",Peggy Orenstein,2020
How to Meditate: A Practical Guide to Making Friends with Your Mind,Pema Chödrön,2008
When Things Fall Apart: Heart Advice for Difficult Times,Pema Chödrön,2000
The Sword and the Shield: The Revolutionary Lives of Malcolm X and Martin Luther King Jr.,Peniel E. Joseph,2020
Dedicated: The Case for Commitment in an Age of Infinite Browsing,Pete      Davis,2021
Shortest Way Home: One Mayor's Challenge and a Model for America's Future,Pete Buttigieg,2019
Waking the Tiger: Healing Trauma,Peter A. Levine,1997
Outlive: The Science and Art of Longevity,Peter Attia,2023
"The Only Negotiating Guide You'll Ever Need, Revised and Updated: 101 Ways to Win Every Time in Any Situation",Peter B. Stark,2017
The Man Who Ran Washington: The Life and Times of James A. Baker III,Peter Baker,2020
Managing Oneself (Harvard Business Review Classics),Peter F. Drucker,2008
The Effective Executive: The Definitive Guide to Getting the Right Things Done (Harperbusiness Essentials),Peter F. Drucker,2006
"The Future Is Faster Than You Think: How Converging Technologies Are Transforming Business, Industries, and Our Lives",Peter H. Diamandis,2020
The Buried: An Archaeology of the Egyptian Revolution,Peter Hessler,2019
Compromised: Counterintelligence and the Threat of Donald J. Trump,Peter Strzok,2020
"The Hidden Life of Trees: What They Feel, How They Communicate: Discoveries from a Secret World",Peter Wohlleben,2016
The End of the World Is Just the Beginning: Mapping the Collapse of Globalization,Peter Zeihan,2022
Disunited Nations: Succeeding in a World Where No One Gets Along,Peter Zeihan,2019
Not Dead Yet: The Memoir,Phil Collins,2016
Shoe Dog: A Memoir by the Creator of Nike,Phil Knight,2016
Words Without Music: A Memoir,Philip Glass,2016
We Wish to Inform You That Tomorrow We Will Be Killed with Our Families,Philip Gourevitch,1998
Immune: a Journey into the Mysterious System that Keeps You Alive,Philipp Dettmer,2021
The Book You Wish Your Parents Had Read [and Your Children Will Be Glad That You Did],Philippa Perry,2020
Orange Is the New Black: My Year in a Women's Prison,Piper Kerman,2012
They Called Us Exceptional: And Other Lies That Raised Us,Prachi   Gupta,2023
Spare,Prince Harry,2023
How the Other Half Eats: The Untold Story of Food and Inequality in America,Priya Fielding-Singh,2021
Once Upon a Time in Hollywood,Quentin Tarantino,2021
"Open: An Uncensored Memoir of Love, Liberation, and Non-Monogamy",Rachel  Krantz,2022
"Love Your Life, Not Theirs: 7 Money Habits for Living the Life You Want",Rachel Cruze,2016
"Girl Walks into a Bar . . .: Comedy Calamities, Dating Disasters, and a Midlife Miracle",Rachel Dratch,2012
Drift: The Unmooring of American Military Power,Rachel Maddow,2012
"Blowout: Corrupted Democracy, Rogue State Russia, and the Richest, Most Destructive Industry on Earth",Rachel Maddow,2019
"We Should All Be Millionaires: A Woman’s Guide to Earning More, Building Wealth, and Gaining Economic Power",Rachel Rodgers,2021
Rise of the Warrior Cop: The Militarization of America's Police Forces,Radley Balko,2013
An Ordinary Age: Finding Your Way in a World That Expects Exceptional,Rainesford Stauffer,2021
Sweat the Technique: Revelations on Creativity from the Lyrical Genius,Rakim,2019
How To: Absurd Scientific Advice for Common Real-World Problems,Randall Munroe,2019
"What If? 2: Additional Serious Scientific Answers to Absurd Hypothetical Questions (What If?, #2)",Randall Munroe,2022
What If? Serious Scientific Answers to Absurd Hypothetical Questions,Randall Munroe,2014
The Monk and the Riddle: The Education of a Silicon Valley Entrepreneur,Randy Komisar,2000
Principles For Dealing With the Changing World Order: Why Nations Succeed and Fail,Ray Dalio,2021
Principles: Life and Work,Ray Dalio,2017
The Singularity is Near: When Humans Transcend Biology,Ray Kurzweil,2006
What We Talk About When We Talk About Love,Raymond Carver,1989
Fathoms: The World in the Whale,Rebecca Giggs,2020
In Five Years,Rebecca Serle,2020
The Immortal Life of Henrietta Lacks,Rebecca Skloot,2010
Modern Loss: Candid Conversation About Grief. Beginners Welcome.,Rebecca Soffer,2018
No Rules Rules: Netflix and the Culture of Reinvention,Reed Hastings,2020
Blitzscaling: The Lightning-Fast Path to Building Massively Valuable Companies,Reid Hoffman,2018
"Brave, Not Perfect: Fear Less, Fail More, and Live Bolder",Reshma Saujani,2019
Pay Up: The Future of Women and Work (And Why It's Different Than You Think),Reshma Saujani,2022
"The Truth About Crypto: A Practical, Easy-to-Understand Guide to Bitcoin, Blockchain, NFTs, and Other Digital Assets",Ric Edelman,2022
The Fish That Ate the Whale: The Life and Times of America's Banana King,Rich Cohen,2012
Don't Sweat the Small Stuff ... and It's All Small Stuff: Simple Ways to Keep the Little Things From Taking Over Your Life,Richard Carlson,1997
Stories to Tell: A Memoir,Richard Marx,2021
The Overstory,Richard Powers,2019
"Dream Hoarders: How the American Upper Middle Class Is Leaving Everyone Else in the Dust, Why That Is a Problem, and What to Do About It",Richard Reeves author of President Kenne,2017
The Color of Law: A Forgotten History of How Our Government Segregated America,Richard Rothstein,2017
Information Wars: How We Lost the Global Battle Against Disinformation and What We Can Do About It,Richard Stengel,2019
The Omnivore's Dilemma: The Secrets Behind What You Eat,Richie Chevat,2015
The Creative Act: A Way of Being,Rick Rubin,2023
Aftermath,Rickards James,2019
Remembrance,Rita Woods,2020
Dignity in a Digital Age: Making Tech Work for All of Us,Ro Khanna,2022
"The Art of Noticing: 131 Ways to Spark Creativity, Find Inspiration, and Discover Joy in the Everyday",Rob Walker,2019
The Power Broker: Robert Moses and the Fall of New York,Robert A. Caro,1975
Influence: The Psychology of Persuasion,Robert B. Cialdini,2006
"The System: Who Rigged It, How We Fix It",Robert B. Reich,2020
Bowling Alone: The Collapse and Revival of American Community,Robert D. Putnam,2001
The Upswing: How America Came Together a Century Ago and How We Can Do It Again,Robert D. Putnam,2020
The 33 Strategies of War,Robert Greene,2006
The 48 Laws of Power,Robert Greene,2000
The Ride of a Lifetime: Lessons Learned from 15 Years as CEO of the Walt Disney Company,Robert Iger,2019
The End of White Christian America,Robert P.    Jones,2016
Why Buddhism Is True: The Science and Philosophy of Meditation and Enlightenment,Robert Wright,2017
White Fragility: Why It’s So Hard for White People to Talk About Racism,Robin DiAngelo,2018
Leadership Wisdom from the Monk Who Sold His Ferrari: The 8 Rituals of Visionary Leaders,Robin S. Sharma,2003
"Titan: The Life of John D. Rockefeller, Sr.",Ron Chernow,2004
Alexander Hamilton,Ron Chernow,2005
Washington: A Life,Ron Chernow,2010
Black Klansman: A Memoir,Ron Stallworth,2018
In the President's Secret Service: Behind the Scenes with Agents in the Line of Fire and the Presidents They Protect,Ronald Kessler,2009
A Different Mirror: A History of Multicultural America,Ronald Takaki,1993
"Catch and Kill: Lies, Spies, and a Conspiracy to Protect Predators",Ronan Farrow,2019
"Alchemy: The Dark Art and Curious Science of Creating Magic in Brands, Business, and Life",Rory Sutherland,2021
Reflections by Rosa Parks: The Quiet Strength and Faith of a Woman Who Changed a Nation,Rosa Parks,2018
The Betrayal of Anne Frank: A Cold Case Investigation,Rosemary Sullivan,2022
"An Indigenous Peoples' History of the United States (ReVisioning American History, #3)",Roxanne Dunbar-Ortiz,2014
Through My Eyes,Ruby Bridges,1999
White Tears/Brown Scars: How White Feminism Betrays Women of Color,Ruby Hamad,2020
Women Without Kids: The Revolutionary Rise of an Unsung Sisterhood,Ruby Warrington,2023
The Essential Rumi,Rumi (Jalal ad-Din Muhammad ar-Rumi),2004
Mentors: How to Help and Be Helped,Russell Brand,2019
Revolution,Russell Brand,2014
Utopia for Realists: How We Can Build the Ideal World,Rutger Bregman,2017
My Own Words,Ruth Bader Ginsburg,2016
Strongmen: Mussolini to the Present,Ruth Ben-Ghiat,2020
"Do It Scared: Finding the Courage to Face Your Fears, Overcome Adversity, and Create a Life You Love",Ruth Soukup,2019
Lives of the Stoics: The Art of Living from Zeno to Marcus Aurelius,Ryan Holiday,2020
Stillness Is the Key,Ryan Holiday,2019
How to Invent Everything: A Survival Guide for the Stranded Time Traveler,Ryan North,2018
"Loonshots: How to Nurture the Crazy Ideas That Win Wars, Cure Diseases, and Transform Industries",Safi Bahcall,2019
The Bitcoin Standard,Saifedean Ammous,2018
The Lost Art of Good Conversation: A Mindful Way to Connect with Others and Enrich Everyday Life,Sakyong Mipham,2017
In Pieces,Sally Field,2018
"How Women Rise: Break the 12 Habits Holding You Back from Your Next Raise, Promotion, or Job",Sally Helgesen,2018
"Beautiful World, Where Are You",Sally Rooney,2021
Normal People,Sally Rooney,2019
Islam and the Future of Tolerance: A Dialogue,Sam Harris,2015
"The Disappearing Spoon: And Other True Tales of Madness, Love, and the History of the World from the Periodic Table of the Elements",Sam Kean,2010
Real Queer America: LGBT Stories from Red States,Samantha  Allen,2019
We Are Never Meeting in Real Life.,Samantha Irby,2017
Meaty,Samantha Irby,2013
"Wow, No Thank You.: Essays",Samantha Irby,2020
The Education of an Idealist: A Memoir,Samantha Power,2019
Keep Sharp: Build a Better Brain at Any Age,Sanjay Gupta,2020
The Hormone Reset Diet: Heal Your Metabolism to Lose Up to 15 Pounds in 21 Days,Sara Gottfried,2015
"Work Won't Love You Back: How Devotion to Our Jobs Keeps Us Exploited, Exhausted, and Alone",Sarah  Jaffe,2021
Magic for Liars,Sarah Gailey,2019
The View From Flyover Country: Essays by Sarah Kendzior,Sarah Kendzior,2015
Hiding in Plain Sight: The Invention of Donald Trump and the Erosion of America,Sarah Kendzior,2020
Calm the F*ck Down: How to Control What You Can and Accept What You Can't So You Can Stop Freaking Out and Get On With Your Life (A No F*cks Given Guide),Sarah Knight,2018
"F*ck No!: How to Stop Saying Yes When You Can't, You Shouldn't, or You Just Don't Want To (A No F*cks Given Guide, 5)",Sarah Knight,2019
Get Your Sh*t Together: How to Stop Worrying About What You Should Do So You Can Finish What You Need to Do and Start Doing What You Want to Do (A No F*cks Given Guide),Sarah Knight,2016
The Life-Changing Magic of Not Giving a F*ck: How to Stop Spending Time You Don't Have with People You Don't Like Doing Things You Don't Want to Do (A No F*cks Given Guide),Sarah Knight,2015
Stranger Care,Sarah Sentilles,2021
I Think You're Wrong (But I'm Listening): A Guide to Grace-Filled Political Conversations,Sarah Stewart Holland,2019
For Small Creatures Such as We: Rituals for Finding Meaning in Our Unlikely World,Sasha Sagan,2019
"Code Name: Hacker (Jameson Force Security, #4)",Sawyer Bennett,2020
"Endurance: A Year in Space, A Lifetime of Discovery",Scott    Kelly,2017
Death in a Promised Land: The Tulsa Race Riot of 1921,Scott Ellsworth,1992
"The Four: The Hidden DNA of Amazon, Apple, Facebook, and Google",Scott Galloway,2017
"Ultralearning: Master Hard Skills, Outsmart the Competition, and Accelerate Your Career",Scott H. Young,2019
Eat & Run: My Unlikely Journey to Ultramarathon Greatness,Scott Jurek,2012
Secrets of Sand Hill Road: Venture Capital and How to Get It,Scott Kupor,2019
"The Big Picture: On the Origins of Life, Meaning, and the Universe Itself",Sean Carroll,2016
Something Deeply Hidden: Quantum Worlds and the Emergence of Spacetime,Sean Carroll,2019
The Higgs Boson and Beyond,Sean Carroll,2015
Tribe: On Homecoming and Belonging,Sebastian Junger,2016
Nuclear Folly: A History of the Cuban Missile Crisis,Serhii Plokhy,2021
Linchpin: Are You Indispensable?,Seth Godin,2010
The Song of Significance: A New Manifesto for Teams,Seth Godin,2023
The Practice: Shipping Creative Work,Seth Godin,2020
This is Marketing: You Can't Be Seen Until You Learn To See,Seth Godin,2018
We Are All Weird: The Myth of Mass and The End of Compliance,Seth Godin,2011
Yearbook,Seth Rogen,2021
"Everybody Lies: Big Data, New Data, and What the Internet Can Tell Us About Who We Really Are",Seth Stephens-Davidowitz,2017
Sisters in Hate: American Women on the Front Lines of White Nationalism,Seyward Darby,2020
"Count Down: How Our Modern World Is Threatening Sperm Counts, Altering Male and Female Reproductive Development, and Imperiling the Future of the Human Race",Shanna H. Swan,2021
An Ugly Truth: Inside Facebook's Battle for Domination,Sheera Frenkel,2021
"A Radical Awakening: Turn Pain into Power, Embrace Your Truth, Live Free",Shefali Tsabary,2021
Reclaiming Conversation: The Power of Talk in a Digital Age,Sherry Turkle,2015
"Option B: Facing Adversity, Building Resilience, and Finding Joy",Sheryl Sandberg,2017
Rental Person Who Does Nothing,Shoji Morimoto,2023
The Age of Surveillance Capitalism: The Fight for a Human Future at the New Frontier of Power,Shoshana Zuboff,2019
The Emperor of All Maladies: A Biography of Cancer,Siddhartha Mukherjee,2010
The Measure of a Man: A Spiritual Autobiography,Sidney Poitier,2007
Hits and Misses: Stories,Simon Rich,2018
The Montessori Toddler: A Parent's Guide to Raising a Curious and Responsible Human Being,Simone Davies,2018
We Were Dreamers: An Immigrant Superhero Origin Story,Simu Liu,2022
How Did You Get This Number: Essays,Sloane Crosley,2010
Look Alive Out There,Sloane Crosley,2018
A Woman of No Importance: The Untold Story of the American Spy Who Helped Win World War II,Sonia Purnell,2019
My Beloved World,Sonia Sotomayor,2013
"How to Raise a Feminist Son: Motherhood, Masculinity, and the Making of My Family",Sonora Jha,2021
Who Moved My Cheese?,Spencer Johnson,2002
"Our Time Is Now: Power, Purpose, and the Fight for a Fair America",Stacey Abrams,2020
While Justice Sleeps (Avery Keene #1),Stacey Abrams,2021
Lead from the Outside: How to Build Your Future and Make Real Change,Stacey Abrams,2019
"Machiavelli For Women: Defend Your Worth, Grow Your Ambition, and Win the Workplace",Stacey Vanek Smith,2021
Strategic Thinking Skills,Stanley K. Ridgley,2015
Leaders: Myth and Reality,Stanley McChrystal,2018
"Maid: Hard Work, Low Pay, and a Mother's Will to Survive",Stephanie  Land,2019
I'll Take Your Questions Now: What I Saw at the Trump White House,Stephanie Grisham,2021
The Deficit Myth: Modern Monetary Theory and the Birth of the People's Economy,Stephanie Kelton,2020
"Alone Time: Four Seasons, Four Cities, and the Pleasures of Solitude",Stephanie Rosenbloom,2018
The Quiet Zone: Unraveling the Mystery of a Town Suspended in Silence,Stephen Kurczy,2021
Invisible: The Forgotten Story of the Black Woman Lawyer Who Took Down America's Most Powerful Mobster,Stephen L. Carter,2017
The 7 Habits of Highly Effective People: Powerful Lessons in Personal Change,Stephen R. Covey,2004
"How Music Got Free: The End of an Industry, the Turn of the Century, and the Patient Zero of Piracy",Stephen Richard Witt,2015
"Imperfect Union: How Jessie and John Frémont Mapped the West, Invented Celebrity, and Helped Cause the Civil War",Steve Inskeep,2020
Born Standing Up: A Comic's Life,Steve Martin,2007
When to Rob a Bank: ...And 131 More Warped Suggestions and Well-Intended Rants,Steven D. Levitt,2015
Think Like a Freak,Steven D. Levitt,2014
"SuperFreakonomics: Global Cooling, Patriotic Prostitutes And Why Suicide Bombers Should Buy Life Insurance",Steven D. Levitt,2009
"Beaten Down, Worked Up: The Past, Present, and Future of American Labor",Steven Greenhouse,2019
Infinite Powers: How Calculus Reveals the Secrets of the Universe,Steven H. Strogatz,2019
Extra Life: A Short History of Living Longer,Steven Johnson,2021
How We Got to Now: Six Innovations That Made the Modern World,Steven Johnson,2014
"Stealing Fire: How Silicon Valley, the Navy SEALs, and Maverick Scientists Are Revolutionizing the Way We Live and Work",Steven Kotler,2017
How Democracies Die: What History Reveals About Our Future,Steven Levitsky,2018
Rationality,Steven Pinker,2021
"Enlightenment Now: The Case for Reason, Science, Humanism, and Progress",Steven Pinker,2018
The War of Art: Winning the Inner Creative Battle,Steven Pressfield,2003
Gates of Fire,Steven Pressfield,2005
Full Disclosure,Stormy Daniels,2018
President Carter: The White House Years,Stuart E. Eizenstat,2018
It Was All a Lie: How the Republican Party Became Donald Trump,Stuart Stevens,2020
The Art of War,Sun Tzu,2016
Bittersweet: How Sorrow and Longing Make Us Whole,Susan Cain,2022
Quiet: The Power of Introverts in a World That Can't Stop Talking,Susan Cain,2012
"Blockchain, Bitcoin and Crypto Revolution: How To Invest For Beginners: Complete Explanation of Blockchain Technology and Basics Guide For How to Invest in Crypto",Sweet Smart Books,2021
"No, You Shut Up: Speaking Truth to Power and Reclaiming America",Symone Sanders,2020
The Water Dancer,Ta-Nehisi Coates,2019
We Were Eight Years in Power: An American Tragedy,Ta-Nehisi Coates,2017
Between the World and Me,Ta-Nehisi Coates,2015
"Seen, Loved and Heard: A Guided Journal for Feeding the Soul (A Feeding the Soul Book)",Tabitha Brown,2023
"Feeding the Soul (Because It's My Business): Finding Our Way to Joy, Love, and Freedom (A Feeding the Soul Book)",Tabitha Brown,2021
Vibrate Higher: A Rap Story,Talib Kweli,2021
American Radical: Inside the World of an Undercover Muslim FBI Agent,Tamer Elnoury,2017
Dracula,Tania Zamorsky,2007
Work Optional: Retire Early the Non-Penny-Pinching Way,Tanja Hester,2019
The Joy of Missing Out: Live More by Doing Less,Tanya Dalton,2019
Educated,Tara Westover,2018
The Seven Husbands of Evelyn Hugo,Taylor Jenkins Reid,2017
Beyond Charlottesville: Taking a Stand Against White Nationalism,Terry McAuliffe,2019
Leadership and Self-Deception: Getting Out of the Box,The Arbinger Institute,2002
The Best of Second City: Vol. 3,The Second City,2008
The Best of Second City: Vol. 2,The Second City,2008
The Best of Second City: Vol. 1 (Library Edition audio CDs) (L.A. Theatre Works Audio Theatre Collections),The Second City,2008
The January 6th Report,The Select Committee to Investigate the January 6th Attack on the United States Capitol,2022
The Mueller Report,The Washington Post,2019
"Being Peace (Being Peace, #1)",Thich Nhat Hanh,1987
"The Heart of the Buddha's Teaching: Transforming Suffering into Peace, Joy, and Liberation",Thich Nhat Hanh,1999
The Art of Living: Peace and Freedom in the Here and Now,Thich Nhat Hanh,2017
Silence: The Power of Quiet in a World Full of Noise,Thich Nhat Hanh,2015
The Miracle of Mindfulness: An Introduction to the Practice of Meditation,Thich Nhat Hanh,1999
Happiness: Essential Mindfulness Practices,Thich Nhat Hanh,2015
Peace Is Every Breath: A Practice for Our Busy Lives,Thich Nhat Hanh,2011
"The Art of Mindful Living: How to Bring Love, Compassion, and Inner Peace into Your Daily Life",Thich Nhat Hanh,2000
True Love: A Practice for Awakening the Heart,Thich Nhat Hanh,2009
The Art of Communicating,Thich Nhat Hanh,2013
Peace Is Every Step: The Path of Mindfulness in Everyday Life,Thich Nhat Hanh,1992
"Listen, Liberal",Thomas  Frank,2016
The Wrecking Crew: How Conservatives Rule,Thomas  Frank,2008
The Perfection Trap: Embracing the Power of Good Enough,Thomas Curran,2023
First Principles: What America's Founders Learned from the Greeks and Romans and How That Shaped Our Country,Thomas E. Ricks,2020
The Next Millionaire Next Door: Enduring Strategies for Building Wealth,Thomas J. Stanley,2018
The Millionaire Next Door: The Surprising Secrets of America's Wealthy,Thomas J. Stanley,1998
The World Is Flat: A Brief History of the Twenty-first Century,Thomas L. Friedman,2006
Common Sense,Thomas Paine,2005
The Economics of Inequality,Thomas Piketty,2015
"Time for Socialism: Dispatches from a World on Fire, 2016-2021",Thomas Piketty,2021
Capital and Ideology,Thomas Piketty,2020
A Brief History of Equality,Thomas Piketty,2022
Building a Second Brain: A Proven Method to Organize Your Digital Life and Unlock Your Creative Potential,Tiago Forte,2022
Black American Refugee: Escaping the Narcissism of the American Dream,Tiffanie Drayton,2022
"Say It Louder!: Black Voters, Voices & the Shaping of American Democracy",Tiffany Cross,2020
Prisoners of Geography: Ten Maps That Tell You Everything You Need to Know About Global Politics,Tim  Marshall,2015
Zen in the Age of Anxiety,Tim Burkett,2018
"The Queen of Katwe: A Story of Life, Chess, and One Extraordinary Girl's Dream of Becoming a Grandmaster",Tim Crothers,2012
"The Burning: Massacre, Destruction, and the Tulsa Race Riot of 1921",Tim Madigan,2001
Relentless: From Good to Great to Unstoppable (Tim Grover Winning Series),Tim S. Grover,2014
"The Folly and the Glory: America, Russia, and Political Warfare 1945–2020",Tim Weiner,2020
The 4-Hour Workweek,Timothy Ferriss,2007
The Palace Papers: Inside the House of Windsor - the Truth and the Turmoil,Tina  Brown,2022
Nöthin' But a Good Time: The Uncensored History of the '80s Hard Rock Explosion,Tom Beaujour,2021
A Lucky Life Interrupted: A Memoir of Hope,Tom Brokaw,2015
Uncommon Type,Tom Hanks,2017
"Chaos: Charles Manson, the CIA, and the Secret History of the Sixties",Tom O'Neill,2019
Beginners: The Joy and Transformative Power of Lifelong Learning,Tom Vanderbilt,2021
Brave Enough to Be Broken: How to Embrace Your Pain and Discover Hope and Healing,Toni Collier,2022
Beloved,Toni Morrison,2004
The Bluest Eye,Toni Morrison,2005
MONEY Master the Game: 7 Simple Steps to Financial Freedom (Tony Robbins Financial Freedom Series),Tony Robbins,2014
Getting to Neutral: How to Conquer Negativity and Thrive in a Chaotic World,Trevor Moawad,2022
Rest Is Resistance: A Manifesto,Tricia Hersey,2022
"Speak: Find Your Voice, Trust Your Gut, and Get from Where You Are to Where You Want to Be",Tunde Oyeneyin,2022
Oil!,Upton Sinclair,1997
The Jungle,Upton Sinclair,2003
"How the World Really Works: A Scientist's Guide to Our Past, Present and Future",Vaclav Smil,2022
"Finding My Voice: When the Perfect Plan Crumbles, the Adventure Begins",Valerie Jarrett,2019
"Kushner, Inc.: Greed. Ambition. Corruption. The Extraordinary Story of Jared Kushner and Ivanka Trump",Vicky Ward,2019
Man's Search for Meaning: An Introduction to Logotherapy,Viktor E. Frankl,1984
A Room of One’s Own,Virginia Woolf,2000
The Code of the Extraordinary Mind: 10 Unconventional Laws to Redefine Your Life and Succeed On Your Own Terms,Vishen Lakhiani,2016
"Together: Why Social Connection Holds the Key to Better Health, Higher Performance, and Greater Happiness",Vivek H. Murthy,2020
Capitalist Punishment: How Wall Street Is Using Your Money to Create a Country You Didn't Vote for,Vivek Ramaswamy,2023
Blue Ocean Strategy: How to Create Uncontested Market Space and Make the Competition Irrelevant,W. Chan Kim,2005
"Status and Culture: How Our Desire for Social Rank Creates Taste, Identity, Art, Fashion, and Constant Change",W. David Marx,2022
"The Awkward Thoughts of W. Kamau Bell: Tales of a 6' 4"", African American, Heterosexual, Cisgender, Left-Leaning, Asthmatic, Black and Proud Blerd, Mama's Boy, Dad, and Stand-Up Comedian",W. Kamau Bell,2017
Black Reconstruction in America 1860-1880,W.E.B. Du Bois,1998
The Souls of Black Folk,W.E.B. Du Bois,1996
The New Science of Getting Rich,Wallace D. Wattles,2007
Leonardo da Vinci,Walter Isaacson,2017
Kissinger,Walter Isaacson,2005
"The Code Breaker: Jennifer Doudna, Gene Editing, and the Future of the Human Race",Walter Isaacson,2021
Einstein: His Life and Universe,Walter Isaacson,2007
Benjamin Franklin: An American Life,Walter Isaacson,2004
"The Innovators: How a Group of Hackers, Geniuses and Geeks Created the Digital Revolution",Walter Isaacson,2014
All You Have to Do Is Ask: How to Master the Most Important Skill for Success,Wayne E. Baker,2020
Primates of Park Avenue,Wednesday Martin,2015
"Not for the Faint of Heart: Lessons in Courage, Power, and Persistence",Wendy R. Sherman,2018
"They Can't Kill Us All: Ferguson, Baltimore, and a New Era in America’s Racial Justice Movement",Wesley Lowery,2016
Will,Will  Smith,2021
After the Ivory Tower Falls: How College Broke the American Dream and Blew Up Our Politics—and How to Fix It,Will Bunch,2022
The Lessons of History,Will Durant,1997
From Here to Equality: Reparations for Black Americans in the Twenty-First Century,William A. Darity Jr.,2020
Simply Brilliant: How Great Organizations Do Ordinary Things in Extraordinary Ways,William C. Taylor,2016
As I Lay Dying,William Faulkner,1991
Make Your Bed: Little Things That Can Change Your Life...And Maybe the World,William H. McRaven,2017
The Delusions Of Crowds: Why People Go Mad in Groups,William J. Bernstein,2021
What We Owe the Future,William MacAskill,2022
It's a Long Story: My Life,Willie Nelson,2015
Inventing Bitcoin: The Technology Behind The First Truly Scarce and Decentralized Money Explained,Yan Pritzker,2019
The Great Experiment: Why Diverse Democracies Fall Apart and How They Can Endure,Yascha Mounk,2022
In Order to Live: A North Korean Girl's Journey to Freedom,Yeonmi Park,2015
Sapiens: A Brief History of Humankind,Yuval Noah Harari,2015
The End of White Politics: How to Heal Our Liberal Divide,Zerlina Maxwell,2020
The Sales Mastery Academy: The Selling Difference: From Prospecting to Closing,Zig Ziglar,2011
The Secrets of Closing the Sale: BONUS: Selling With Emotional Logic,Zig Ziglar,2015
Influence Is Your Superpower: How to Get What You Want Without Compromising Who You Are,Zoe Chance,2023
Their Eyes Were Watching God,Zora Neale Hurston,2006