1,07 Habits of Highly Effective People
2,07 Lessons from Heaven How Dying Taught Me to
3,1000 Little Things Happy Successful People Do
4,101 Essays That Will Change the Way You Think
5,12 Rules for Life An Antidote to Chaos
6,1984,George Orwell
7,1984,George Orwell,(same but different version)
8,21 Lessons - What I’ve Learned from Falling Down the Bitcoin Rabbit Hole
9,22 Immutable Laws of Marketing
10,33 Strategies of War
11,4 Hour Workweek Escape 95 Live Anywhere and Join
12,4-Hour Work Week,,(same but different version)
13,48 Laws of Power
14,Absolutely Remarkable Thing A Novel
15,Abundance of Katherines
16,Accidental Billionaires
17,Acid for the Children A Memoir
18,Across That Bridge A Vision for Change and the
19,Adult Children of Emotionally Immature Parents
20,Advice Not Given A Guide to Getting Over Yourself
21,Afghanistan Papers A Secret History of the War
22,After the Ivory Tower Falls How College Broke the
23,Aftermath Seven Secrets of Wealth Preservation in
24,Age of A I And Our Human Future
25,Age of Surveillance Capitalism The Fight for a
26,AgeProof Living Longer Without Running Out of
27,Aint I a Woman Black Women and Feminism
28,Al Franken Giant of the Senate
29,Alchemy The Dark Art and Curious Science of
30,Alexander Hamilton
31,All the Missing Girls A Novel
32,All the Single Ladies Unmarried Women and the
33,All You Can Ever Know A Memoir
34,All You Have to Do Is Ask How to Master the Most
35,Almanack of Naval Ravikant
36,Alone Time Four Seasons Four Cities and the
37,America (the book) - Jon Stewart
38,America Is Not the Heart A Novel
39,American Dirt (Oprahs Book Club) A Novel
40,American Gods The Tenth Anniversary Edition
41,American Grown
42,American Made What Happens to People When Work
43,American Oligarchs The Kushners the Trumps and
44,American Radical Inside the World of an
45,American Spirit
46,American War A novel
47,Americanah
48,Angela Davis An Autobiography
49,Animal Vegetable Junk A History of Food from
50,Animal Vegetable Miracle A Year of Food Life
51,Anna Karenina
52,Answer Is Reflections on My Life
53,Antisocial Network The GameStop Short Squeeze and
54,Are We Smart Enough to Know How Smart Animals Are
55,Argo How the CIA and Hollywood Pulled Off the
56,Arriving Today From Factory to Front Door Why
57,Art of Asking How I Learned to Stop Worrying and
58,Art of Communicating
59,Art of Dying Well A Practical Guide to a Good End
60,Art of Happiness in a Troubled World
61,Art of Invisibility The Worlds Most Famous Hacker
62,Art of Living Peace and Freedom in the Here and
63,Art of Mindful Living How to Bring Love
64,Art of Noticing 131 Ways to Spark Creativity Find
65,Art of the Start 20 The TimeTested BattleHardened
66,Artists Way A Spiritual Path to Higher Creativity
67,As a Man Thinketh The Complete Original Edition
68,As I Lay Dying
69,At Home A Short History of Private Life
70,Atomic Habits An Easy and Proven Way to Build
71,Attached The New Science of Adult Attachment and
72,Audition A Memoir
73,Authenticity A Guide to Living in Harmony with
74,Authenticity Project A Novel
75,Autobiography of Eleanor Roosevelt
76,Awaken the Giant Within How to Take Immediate
77,Awakening Your Ikigai How the Japanese Wake Up to
78,Awkward Thoughts of W Kamau Bell Tales of a 06 04
79,Bad Blood Secrets and Lies in a Silicon Valley
80,Bad Vibes Only (and Other Things I Bring to the
81,Banned Books The Worlds Most Controversial Books
82,Be Angry The Dalai Lama on What Matters Most
83,Beastie Boys Book
84,Beaten Down Worked Up The Past Present and Future
85,Beautiful World Where Are You A Novel
86,Beautifully Foolish Endeavor A Novel
87,Becoming Supernatural How Common People Are Doing
88,Beginners Guide to the Chakras How to Heal
89,Beginners The Joy and Transformative Power of
90,Being Peace
91,Being You A New Science of Consciousness
92,Believer My Forty Years in Politics
93,Beloved
94,Benjamin Franklin An American Life
95,Bernie Sanders Guide to Political Revolution
96,Best of Second City Volume 01
97,Best of Second City Volume 02
98,Best of Second City Volume 03
99,Betrayal of Anne Frank A Cold Case Investigation
100,Better than Before Mastering the Habits of Our
101,Between the World and Me
102,Between Two Kingdoms A Memoir of a Life
103,Beyond Charlottesville Taking a Stand Against
104,Big Friendship How We Keep Each Other Close
105,Big Magic Creative Living Beyond Fear
106,Big Picture On the Origins of Life Meaning and
107,Big Short
108,Bird by Bird Some Instructions on Writing and Life
109,Bittersweet How Sorrow and Longing Make Us Whole
110,Black American Refugee Escaping the Narcissism of
111,Black Elk Speaks
112,Black Klansman Race Hate and the Undercover
113,Black Reconstruction in America
114,Black Womens History of the United States
115,Blitzscaling The LightningFast Path to Building
116,Blockchain Bitcoin and Crypto Revolution How to
117,Blood and Oil Mohammed bin Salmans Ruthless Quest
118,Blowout Corrupted Democracy Rogue State Russia
119,Blue Nights
120,Blue Ocean Strategy How to Create Uncontested
121,Bluest Eye
122,Body Keeps the Score Brain Mind and Body in the
123,Bomber Mafia A Dream a Temptation and the Longest
124,Bond King How One Man Made a Market Built an
125,Book of Joan Tales of Mirth Mischief and
126,Book of Joy Lasting Happiness in a Changing World
127,Book You Wish Your Parents Had Read (And Your
128,Boomerang
129,Born Standing Up A Comics Life
130,Born to Run
131,Botany of Desire
132,Bowling Alone Revised and Updated The Collapse
133,Boys Adrift The Five Factors Driving the Growing
134,Boys and Sex Young Men on Hookups Love Porn
135,Brave New World
136,Breaking and Entering The Extraordinary Story of
137,Breaking the Habit of Being Yourself
138,Breath The New Science of a Lost Art
139,Brief History of Equality
140,Brief Wondrous Life of Oscar Wao
141,Bright Ages A New History of Medieval Europe
142,Bring the War Home The White Power Movement and
143,Building a Second Brain A Proven Method to
144,Built to Last Successful Habits of Visionary
145,Bullshit Jobs A Theory
146,Bunker Building for the End Times
147,Buried An Archaeology of the Egyptian Revolution
148,Burning Massacre Destruction and the Tulsa Race
149,Bury My Heart at Wounded Knee An Indian History
150,But What If Were Wrong Thinking About the Present
151,Call for Revolution A Vision for the Future
152,Call to Action Women Religion Violence and Power
153,Call Us What We Carry Poems
154,Calling Bullshit The Art of Skepticism in a
155,Calm the Fck Down How to Control What You Can and
156,Calypso Essays
157,Capital and Ideology
158,Caste (Oprahs Book Club) The Origins of Our
159,Catch and Kill Lies Spies and a Conspiracy to
160,Change Sings A Childrens Anthem
161,Change We Can Believe In Barack Obamas Plan to
162,Chaos Charles Manson the CIA and the Secret
163,Chaos Monkeys Obscene Fortune and Random Failure
164,Charged The New Movement to Transform American
165,Chasing History A Kid in the Newsroom
166,Chasing Space An Astronauts Story of Grit Grace
167,Chatter The Voice in Our Head Why It Matters and
168,Churchill Hitler and The Unnecessary War How
169,Circle
170,Classical Music Book
171,Clean The New Science of Skin
172,Club Johnson Boswell and the Friends Who Shaped
173,Coddling of the American Mind How Good Intentions
174,Code Breaker Jennifer Doudna Gene Editing and the
175,Code Girls The Untold Story of the American Women
176,Code Name Hacker
177,Code of the Extraordinary Mind 10 Unconventional
178,Codependent No More How to Stop Controlling
179,Coined The Rich Life of Money and How Its History
180,Color of Law
181,Color of Money Black Banks and the Racial Wealth
182,Come As You Are Revised and Updated The
183,Come Fly the World The JetAge Story of the Women
184,Comedians in Cars Getting Coffee Book
185,Compromised Counterintelligence and the Threat of
186,Condemnation of Blackness Race Crime and the
187,Conditional Citizens
188,Confederacy of Dunces
189,Confessions of an Economic Hit Man
190,Conscious Uncoupling 05 Steps to Living Happily
191,Contact
192,Contagious Why Things Catch On
193,Conversations with People Who Hate Me
194,Cooked A Natural History of Transformation
195,Count Down How Our Modern World Is Threatening
196,Crazy Rich Asians Crazy Rich Asians Series Book 01
197,Creative Act A Way of Being
198,Creativity Inc Overcoming the Unseen Forces That
199,Crowdsourcing Why the Power of
200,Crushing It How Great Entrepreneurs Build Their
201,Crying in H Mart A Memoir
202,Crying in the Bathroom A Memoir
203,Cryptonomicon
204,Cryptopians Idealism Greed Lies and the Making of
205,Cultish The Language of Fanaticism
206,Culture Code The Secrets of Highly Successful
207,Culture Map Breaking Through the Invisible
208,Curious Case of Benjamin Button and Other Stories
209,Curious Incident of the Dog in the NightTime
210,Daily Show (The AudioBook) An Oral History as
211,Dare to Lead Brave Work Tough Conversations Whole
212,Daring Greatly How the Courage to Be Vulnerable
213,Daring to Drive A Saudi Womans Awakening
214,David and Goliath Underdogs Misfits and the Art
215,Dawn of Everything A New History of Humanity
216,Dead Are Arising The Life of Malcolm X
217,Dear America Notes of an Undocumented Citizen
218,Dear Girls Intimate Tales Untold Secrets and
219,Dear Madam President An Open Letter to the Women
220,Death in a Promised Land
221,Deaths of Despair and the Future of Capitalism
222,Debt Trap How Student Loans Became a National
223,Dedicated The Case for Commitment in an Age of
224,Deep Thinking Where Machine Intelligence Ends and
225,Deep Work Rules for Focused Success in a
226,Deficit Myth Modern Monetary Theory and the Birth
227,Delusions of Crowds Why People Go Mad in Groups
228,Demagogue The Life and Long Shadow of Senator Joe
229,Democracy in Chains The Deep History of the
230,Denial of Death
231,Dharma Bums
232,Diary of a Young Girl The Definitive Edition
233,Dichotomy of Leadership Balancing the Challenges
234,Die with Zero Getting All You Can from Your Money
235,Diet for a Small Planet (Revised and Updated)
236,Different Mirror A History of Multicultural
237,Digital Body Language How to Build Trust and
238,Dignity in a Digital Age Making Tech Work for All
239,Disappearing Spoon And Other True Tales of
240,Disunited Nations The Scramble for Power in an
241,Divide American Injustice in the Age of the
242,Do I Make Myself Clear Why Writing Well Matters
243,Do It Scared Finding the Courage to Face Your
244,Do More Spend Less The New Secrets of Living the
245,Do Nothing How to Break Away from Overworking
246,Do the Work The Official Unrepentant AssKicking
247,Dont Sweat the Small StuffAnd Its All Small Stuff
248,Doors of Perception
249,Dopamine Nation Finding Balance in the Age of
250,Drácula - Espanol
251,Dracula 1
252,Dracula2
253,Dream Hoarders How the American Upper Middle
254,Dreyers English An Utterly Correct Guide to
255,Drift The Unmooring of American Military Power
256,Drive The Surprising Truth About What Motivates Us
257,Drown
258,Dying of Whiteness How the Politics of Racial
259,East of Eden
260,Eastern Body Western Mind Psychology and the
261,Eat and Run_ My Unlikely Journey to Ultramarathon Greatness
262,Educated A Memoir
263,Education of an Idealist A Memoir
264,Effective Executive The Definitive Guide to
265,Einstein His Life and Universe
266,Eleanor Oliphant Is Completely Fine A Novel
267,Elon Musk Tesla SpaceX and the Quest for a
268,Emotional Intelligence Why It Can Matter More
269,Emperor of All Maladies
270,Empire of Pain The Secret History of the Sackler
271,EMyth Revisited Why Most Small Businesses Dont
272,End of Everything (Astrophysically Speaking)
273,End of Policing
274,End of the World is Just the Beginning Mapping
275,End of White Christian America
276,End of White Politics How to Heal Our Liberal
277,Endurance A Year in Space A Lifetime of Discovery
278,English Grammar Boot Camp
279,English in America
280,Enlightenment Now The Case for Reason Science
281,Entangled Life How Fungi Make Our Worlds Change
282,Essential Rumi
283,Every Day Is Extra
284,Everybody Always Becoming Love in a World Full of
285,Everybody Has a Podcast (Except You) A HowTo
286,Everybody Lies Big Data New Data and What the
287,Everything in Its Place First Loves and Last Tales
288,Everything is Fcked A Book About Hope
289,Evicted Poverty and Profit in the American City
290,Extended Mind The Power of Thinking Outside the
291,Extra Life A Short History of Living Longer
292,Extreme Ownership How US Navy SEALs Lead and Win
293,Extremely Loud and Incredibly Close
294,Faith A Journey For All
295,Falter Has the Human Game Begun to Play Itself Out
296,Fantasyland How America Went Haywire A 500Year
297,Fascism A Warning
298,Fatal Invention How Science Politics and Big
299,Fathoms The World in the Whale
300,Fck No How to Stop Saying Yes When You Cant You
301,Fear Trump in the White House
302,Feeding the Soul (Because Its My Business)
303,Feeling Good The New Mood Therapy
304,Find Your People Building Deep Community in a
305,Finding and Keeping the Love You Want
306,Finding Me A Memoir
307,Finding My Voice My Journey to the West Wing and
308,Fire Next Time
309,Fire This Time A New Generation Speaks about Race
310,First Principles What Americas Founders Learned
311,First Sandra Day OConnor
312,Five Stars The Communication Secrets to Get from
313,Flash Boys
314,Folly and the Glory America Russia and Political
315,For Small Creatures Such as We Rituals for
316,For the Benefit of All Beings A Commentary on The
317,For the Love of Men From Toxic to a More Mindful
318,Foreverland On the Divine Tedium of Marriage
319,Forget the Alamo The Rise and Fall of an American
320,Fountainhead
321,Four Lost Cities A Secret History of the Urban Age
322,Four Tendencies The Indispensable Personality
323,Four The Hidden DNA of Amazon Apple Facebook and
324,Four Thousand Weeks Time Management for Mortals
325,Freedom is a Constant Struggle Ferguson Palestine
326,Fresh Off the Boat A Memoir
327,Friends Lovers and the Big Terrible Thing A Memoir
328,From Here to Equality Reparations for Black
329,From Here to Eternity Traveling the World to find
330,From Strength to Strength Finding Success
331,From the Ground Up A Journey to Reimagine the
332,Full Disclosure
333,Full Life Reflections at Ninety
334,Furious Cool Richard Pryor and The World That
335,Future Is Faster Than You Think How Converging
336,Future Six Drivers of Global Change
337,Gap and the Gain The High Achievers Guide to
338,Garbology Our Dirty Love Affair with Trash
339,Gates of Fire An Epic Novel of the Battle of
340,Get Out of Your Own Way A Skeptics Guide to
341,Get Your Sht Together
342,Getting the Love You Want A Guide for Couples
343,Getting Things Done The Art of StressFree
344,Getting to Neutral How to Conquer Negativity and
345,Ghost in the Wires My Adventures as the Worlds
346,Gift of Fear
347,Gifts of Imperfection 10th Anniversary Edition
348,Girl Walks into a Bar Comedy Calamities Dating
349,Girls and Sex Navigating the Complicated New
350,Give and Take A Revolutionary Approach to Success
351,Give People Money How a Universal Basic Income
352,Give Us the Ballot The Modern Struggle for Voting
353,Gmorning Gnight Little Pep Talks for Me and You
354,God Is Not Great
355,Golden Gates Fighting for Housingand Democracyin
356,Golden State
357,Goldfinch
358,Good for a Girl A Woman Running in a Mans World
359,Grapes of Wrath
360,Grapes of Wrath 2
361,Gratitude
362,Great by Choice
363,Great Experiment Why Diverse Democracies Fall
364,Great Money Reset Change Your Work Change Your
365,Greenlights
366,Grit The Power of Passion and Perseverance
367,Guided Meditation Six Essential Practices to
368,Guns Germs and Steel The Fates of Human Societies
369,Hamilton The Revolution
370,Happiness Essential Mindfulness Practices
371,Happiness of Pursuit Finding the Quest That Will
372,Happy at Any Cost The Revolutionary Vision and
373,Happy Money The Japanese Art of Making Peace with
374,HappyGoLucky
375,Hate Inc Why Todays Media Makes Us Despise One
376,Have You Eaten Grandma Or the LifeSaving
377,Healing Power of Mindfulness A New Way of Being
378,Heart of the Buddhas Teaching Transforming
379,Heavy An American Memoir
380,Hidden Life of Trees What They Feel How They
381,Hiding in Plain Sight The Invention of Donald
382,Higgs Boson and Beyond
383,High Conflict Why We Get Trapped and How We Get
384,Hill We Climb An Inaugural Poem for the Country
385,Hillbilly Elegy A Memoir of a Family and Culture
386,His Very Best Jimmy Carter a Life
387,Hitchhikers Guide to the Galaxy The Hitchhikers
388,Hits and Misses Stories
389,Hoax Donald Trump Fox News and the Dangerous
390,Homie Poems
391,Homo Deus A Brief History of Tomorrow
392,Hood Feminism Notes from the Women that a
393,Horror Stories A Memoir
394,Hot Young Widows Club
395,House of Trump House of Putin The Untold Story of
396,How Democracies Die
397,How Happiness Happens Finding Lasting Joy in a
398,How Music Got Free The End of an Industry the
399,How Music Works
400,How Not to Die Discover the Foods Scientifically
401,How Rights Went Wrong Why Our Obsession with
402,How Stella Learned to Talk The Groundbreaking
403,How the Other Half Eats The Untold Story of Food
404,How the Word Is Passed A Reckoning with the
405,How the World Really Works The Science Behind How
406,How To Absurd Scientific Advice for Common
407,How to Avoid a Climate Disaster The Solutions We
408,How to Be an Antiracist
409,How to Be Heard Secrets for Powerful Speaking and
410,How to Change Your Mind What the New Science of
411,How to Decide Simple Tools for Making Better
412,How to Disappear Notes on Invisibility in a Time
413,How to Do Nothing Resisting the Attention Economy
414,How to Do the Work Recognize Your Patterns Heal
415,How to Host a Viking Funeral The Case for Burning
416,How to Invent Everything A Survival Guide for the
417,How to Keep House While Drowning A Gentle
418,How to Lead When Youre Not in Charge Leveraging
419,How to Lead Wisdom from the Worlds Greatest CEOs
420,How to Meditate with Pema Chödrön A Practical
421,How to Not Die Alone The Surprising Science That
422,How to Prevent the Next Pandemic
423,How to Raise a Feminist Son Motherhood
424,How to Talk to Anyone
425,How to Tell a Story The Essential Guide to
426,How to Win Friends and Influence People
427,How We Get Free Black Feminism and the Combahee
428,How We Got to Now Six Innovations That Made the
429,Humankind A Hopeful History
430,Humor Seriously Why Humor Is a Secret Weapon in
431,Hunting Charles Manson The Quest for Justice in
432,Hype How Scammers Grifters and Con Artists Are
433,I Am America And So Can You
434,I Am Malala The Girl Who Stood Up for Education
435,I Cant Breathe A Killing on Bay Street
436,I Contain Multitudes The Microbes Within Us and a
437,I Dont Want to Die Poor
438,I Know Why the Caged Bird Sings
439,I Might Regret This Essays Drawings
440,I Never Thought of It That Way How to Have
441,I Think Youre Wrong (But Im Listening) A Guide to
442,If Then How the Simulmatics Corporation Invented
443,If You Ask Me (And of Course You Wont)
444,Ill Take Your Questions Now What I Saw at the
445,Im a Stranger Here Myself Notes on Returning to
446,Im Judging You The DoBetter Manual
447,Im Still Here Black Dignity in a World Made for
448,Immense World How Animal Senses Reveal the Hidden
449,Immortal Game A History of Chess
450,Immortal Life of Henrietta Lacks
451,Immortality Key The Secret History of the
452,Immune A Journey into the Mysterious System That
453,Imperfect Union How Jessie and John Frémont
454,In Defense of Food An Eaters Manifesto
455,In Five Years A Novel
456,In Order to Live A North Korean Girls Journey to
457,In Pieces
458,In the Presidents Secret Service Behind the
459,Indigenous Peoples History of the United States
460,Infinite Jest
461,Infinite Powers How Calculus Reveals the Secrets
462,InFlight Korean
463,Influence
464,Information Wars How We Lost the Global Battle
465,Innovation Delusion How Our Obsession with the
466,Innovators Dilemma When New Technologies Cause
467,Innovators How a Group of Hackers Geniuses and
468,Insane Clown President
469,Intelligent Investor Rev Ed
470,Into the Magic Shop A Neurosurgeons Quest to
471,Into the Wild
472,Inventing Bitcoin
473,Invisible Kingdom Reimagining Chronic Illness
474,Invisible Life of Addie LaRue
475,Invisible The Forgotten Story of the Black Woman
476,Invisible Women Data Bias in a World Designed for
477,Is this Anything
478,Islam - Sam Harris and Maajid Nawaz
479,It Didnt Start with You How Inherited Family
480,It Was All a Lie How the Republican Party Became
481,Its a Long Story My Life
482,Its Better Than It Looks Reasons for Optimism in
483,Its OK That Youre Not OK Meeting Grief and Loss
484,Its OK to Be Angry About Capitalism
485,Joy at Work Organizing Your Professional Life
486,Joy Luck Club
487,Joy of Missing Out Live More by Doing Less
488,Jungle
489,Just Kids
490,Just Listen Discover the Secret to Getting
491,Kafka on the Shore
492,Keep Sharp How to Build a Better Brain at Any Age
493,Kill Switch The Rise of the Modern Senate and the
494,Kissinger A Biography
495,Kite Runner
496,Klara and the Sun A Novel
497,Know My Name A Memoir
498,Kushner Inc Greed Ambition Corruption The
499,Ladyparts A Memoir
500,Last Thing He Told Me A Novel
501,Laziness Does Not Exist
502,Lazy Genius Way Embrace What Matters Ditch What
503,Lead from the Outside How to Build Your Future
504,Leaders Myth and Reality
505,Leadership and SelfDeception Getting out of the
506,Leadership Strategy and Tactics Field Manual
507,Leadership Wisdom from the Monk Who Sold His
508,Lean Startup How Todays Entrepreneurs Use
509,Led Zeppelin The Biography
510,Ledger and the Chain How Domestic Slave Traders
511,Leonardo da Vinci
512,Let the People Pick the President The Case for
513,Let Them Eat Tweets How the Right Rules in an Age
514,Lets Talk About Hard Things
515,Liberalism and Its Discontents
516,Lies and the Lying Liars Who Tell Them A Fair and
517,Lies My Teacher Told Me
518,Life
519,Life After Google The Fall of Big Data and the
520,Life Changing Magic of Tidying Up The Japanese Art
521,Life in Parts
522,Life Will Be the Death of Me and you too
523,LifeChanging Magic of Not Giving a Fck How to
524,Lifespan Why We Ageand Why We Dont Have To
525,Light We Carry Overcoming in Uncertain Times
526,Linchpin Are You Indispensable
527,Listen Liberal Or What Ever Happened to the Party
528,Little Fires Everywhere
529,Lives of the Stoics The Art of Living from Zeno
530,Living with a SEAL 31 Days Training with the
531,Living with the Monks What Turning Off My Phone
532,Long Game How to Be a LongTerm Thinker in a
533,Long Walk to Freedom The Autobiography of Nelson
534,Looking for Alaska
535,Loonshots How to Nurture the Crazy Ideas That Win
536,Lords of Easy Money How the Federal Reserve Broke
537,Lost Art of Good Conversation A Mindful Way to
538,Love People Use Things Because the Opposite Never
539,Love Thy Neighbor A Muslim Doctors Struggle for
540,Love Your Life Not Theirs
541,Luckiest Man Life with John McCain
542,Lucky Life Interrupted A Memoir of Hope
543,Machiavelli For Women Defend Your Worth Grow Your
544,Magic A History From Alchemy to Witchcraft from
545,Magic for Liars A Novel
546,Magic of Thinking Big
547,Maid Hard Work Low Pay and a Mothers Will to
548,Make Your Bed Little Things That Can Change Your
549,Making a Scene
550,Making of Asian America A History
551,Malcolm X A Life of Reinvention
552,Man Enough Undefining My Masculinity
553,Man Who Ran Washington The Life and Times of
554,Man Who Solved the Market How Jim Simons Launched
555,Mans Search for Meaning An Introduction to
556,Maps of Meaning The Architecture of Belief
557,Marry Him The Case for Settling for Mr Good Enough
558,Mating in Captivity Reconciling the Erotic and
559,Matrix A Novel
560,MBS The Rise to Power of Mohammed bin Salman
561,Me and White Supremacy Combat Racism Change the
562,Me Elton John Official Autobiography
563,Meaty Essays
564,Mediocre The Dangerous Legacy of White Male
565,Member of the Family My Story of Charles Manson
566,Men Without Women Stories
567,Mentors How to Help and Be Helped
568,Metaverse And How It Will Revolutionize Everything
569,Millionaire Next Door The Surprising Secrets Of
570,Mind Illuminated A Complete Meditation Guide
571,Mind of a Bee
572,Mindfck Cambridge Analytica and the Plot to Break
573,Mindful Living Every Day
574,Mindset
575,Mindshift Break Through Obstacles to Learning and
576,Minor Feelings An Asian American Reckoning
577,Miracle of Mindfulness An Introduction to the
578,Missing Cryptoqueen the Billion Dollar
579,Moby Dick
580,Modern Loss Candid Conversation About Grief
581,Mollys Game From Hollywoods Elite to Wall Streets
582,Moment of Lift How Empowering Women Changes the
583,MONEY Master the Game 07 Simple Steps to
584,Moneyball The Art of Winning an Unfair Game
585,Monk and the Riddle The Art of Creating a Life
586,Montessori Toddler
587,Moonwalking with Einstein the Art and Science of
588,More of Less
589,Mother Tongue English and How It Got That Way
590,Motivation Myth How High Achievers Really Set
591,Move Fast and Break Things How Facebook Google
592,Mr Putin Operative in the Kremlin
593,Mueller Report
594,Musicophilia Tales of Music and the Brain
595,My Beloved World
596,My Body
597,My Life on the Road
598,My Own Words
599,My Remarkable Journey A Memoir
600,My Stroke of Insight A Brain Scientists Personal
601,My Wife Said You May Want to Marry Me A Memoir
602,Myth of Normal Trauma Illness and Healing in a
603,Narrow Corridor States Societies and the Fate of
604,Never Split the Difference Negotiating as If Your
605,Nevertheless A Memoir
606,New Confessions of an Economic Hit Man
607,New Great Depression Winners and Losers in a
608,New Jim Crow Mass Incarceration in the Age of
609,New Right A Journey to the Fringe of American
610,Next Millionaire Next Door Enduring Strategies
611,Nickel Boys (Winner 2020 Pulitzer Prize for
612,Night
613,Nine Nasty Words English in the Gutter Then Now
614,Nineties A Book
615,No Happy Endings A Memoir
616,No Is Not Enough Resisting Trumps Shock Politics
617,No One Is Talking About This A Novel
618,No One Is Too Small to Make a Difference
619,No Rules Rules Netflix and the Culture of
620,No You Shut Up Speaking Truth to Power and
621,Noise A Flaw in Human Judgment
622,Nomadland Surviving America in the TwentyFirst
623,Nonviolent Communication Create Your Life Your
624,Normal People A Novel
625,Not Dead Yet The Memoir
626,Not for the Faint of Heart Lessons in Courage
627,Notes of a Native Son
628,Notes on a Silencing A Memoir
629,Nöthin But a Good Time The Uncensored History of
630,Nothing to Envy Ordinary Lives in North Korea
631,Notorious RBG The Life and Times of Ruth Bader
632,Noughts and Crosses
633,Nuclear Folly A History of the Cuban Missile
634,Obsessed A Memoir of My Life with OCD
635,Office of Historical Corrections A Novella and
636,Oil
637,Omnivores Dilemma The Secrets Behind What You Eat
638,On Earth Were Briefly Gorgeous A Novel
639,On Fire The Case for the Green New Deal
640,On Grief and Grieving Finding the Meaning of
641,On Power My Journey Through the Corridors of
642,On the Road
643,Once More We Saw Stars A Memoir
644,Once Upon a Time in Hollywood A Novel
645,Once Upon a Time in Russia The Rise of the
646,One Flew Over the Cuckoos Nest
647,One Minute Mentoring How to Find and Work With a
648,One Nation After Trump A Guide for the Perplexed
649,Ones Weve Been Waiting For How a New Generation
650,Only Negotiating Guide Youll Ever Need Revised
651,Open An Uncensored Memoir of Love Liberation and
652,Option B Facing Adversity Building Resilience and
653,Orange Is the New Black
654,Ordinary Age Finding Your Way in a World That
655,Organize Tomorrow Today 08 Ways to Retrain Your
656,Organized Mind How to Put Things in Place Focus
657,Originals How NonConformists Move the World
658,Origins Fourteen Billion Years of Cosmic Evolution
659,Os Little Guide to Finding Your True Purpose
660,Our History Is the Future Standing Rock Versus
661,Our Time Is Now Power Purpose and the Fight for a
662,Outer Order Inner Calm Declutter and Organize to
663,Outrageous Acts and Everyday Rebellions
664,Overstory
665,Paddle Your Own Canoe - Nick Offerman
666,Palace Papers Inside the House of Windsorthe
667,Paper Menagerie and Other Stories
668,Paper Palace A Novel
669,Paper Towns
670,Parable of the Sower Earthseed Series Book 01
671,Parable of the Talents Earthseed Series Book 02
672,Parkland Birth of a Movement
673,Path to Enlightenment
674,Peace Is Every Breath A Practice for Our Busy
675,Peace Is Every Step The Path of Mindfulness in
676,Peculiar Indifference The Neglected Toll of
677,Pelosi
678,Peoples History of the United States
679,Perfectionists Guide to Losing Control A Path to
680,Peril
681,Permanent Record
682,Persist
683,Personal Finance For Dummies
684,Personality Brokers The Strange History of
685,Personality Isnt Permanent Break Free from
686,Persuasive Selling and Power Negotiation Develop
687,Physics of Everyday Things The Extraordinary
688,Place for Everything The Curious History of
689,Plot to Destroy Democracy How Putin and His Spies
690,Plot to Hack America How Putins Cyberspies and
691,Politics is for Power How to Move Beyond
692,Polysecure
693,Power Broker Volume 01 of 03 Robert Moses and the
694,Power of Habit Why We Do What We Do in Life and
695,Power of Myth
696,Power of Onlyness Make Your Wild Ideas Mighty
697,Power of Regret How Looking Backward Moves Us
698,Power of Significance How Purpose Changes Your
699,Power of Zero Revised and Updated How to Get to
700,Practice Shipping Creative Work
701,President Carter The White House Years
702,Principles for Dealing with the Changing World
703,Principles Life and Work
704,Prisoners of Geography
705,Professional Troublemaker The FearFighter Manual
706,Promise That You Will Sing About Me The Power and
707,Promised Land
708,Promises to Keep On Life and Politics
709,Psychology of Money Timeless Lessons on Wealth
710,Public Speaking for Success
711,Punishment Without Crime How Our Massive
712,Purpose of Power How We Come Together When We
713,Put Your Heart on the Page An Introduction to
714,Quiet The Power of Introverts in a World That
715,Quiet Zone Unraveling the Mystery of a Town
716,Rachel Maddow A Biography
717,Radical Awakening Turn Pain into Power Embrace
718,Radical Candor Be a KickAss Boss Without Losing
719,Rage
720,Rainbow Comes and Goes And Other Life Lessons I
721,Raise Your Game HighPerformance Secrets from the
722,Rationality What It Is Why It Seems Scarce Why It
723,READMEtxt A Memoir
724,Ready Player One Ready Player One Series Book 01
725,Ready Player Two Ready Player One Series Book 02
726,Real Artists Dont Starve Timeless Strategies for
727,Real Life A Novel
728,Real Queer America LGBT Stories from Red States
729,Reality Is Not What It Seems The Journey to
730,Realization of Being [Disc 1]
731,Reclaiming Conversation The Power of Talk in a
732,Reclaiming Her Time The Power of Maxine Waters
733,Recursion A Novel
734,Red Roulette An Insiders Story of Wealth Power
735,Reflections by Rosa Parks The Quiet Strength and
736,Rejection Proof How I Beat Fear and Became
737,Remembrance
738,Replay
739,Residence Inside the Private World of the White
740,Restless Wave Good Times Just Causes Great Fights
741,Return of Depression Economics and the Crisis of
742,Return to Love Reflections on the Principles of a
743,Revelations in Air A Guidebook to Smell
744,Revolution in Our Time The Black Panther Partys
745,Richest Man in Babylon
746,Ride of a Lifetime Lessons Learned from 15 Years
747,Right to Sex Feminism in the TwentyFirst Century
748,Righteous Mind Why Good People Are Divided by
749,Rise A Pop History of Asian America From the
750,Rise and Reign of the Mammals A New History from
751,Rise of the Warrior Cop The Militarization of
752,Rising Out of Hatred The Awakening of a Former
753,Road Less Traveled A New Psychology of Love
754,Road to Character
755,Robin
756,Rock Concert An Oral History as Told by the
757,Room of Ones Own
758,Room Where It Happened A White House Memoir
759,Rules Do Not Apply A Memoir
760,Sacred Contracts Awakening Your Divine Potential
761,Sacred Oath Memoirs of a Secretary of Defense
762,Sales Mastery Academy The Selling Difference From
763,Salt
764,Sapiens A Brief History of Humankind
765,Say It Louder Black Voters White Narratives and
766,Say What You Mean A Mindful Approach to
767,Science of Getting Rich
768,Scientist and the Spy A True Story of China the
769,Sea of Tranquility A novel
770,Seat of the Soul 25th Anniversary Edition
771,Second Mountain The Quest for a Moral Life
772,Secrets Closing the Sale BONUS Selling With
773,Secrets of Sand Hill Road Venture Capital and How
774,Seduction Sex Lies and Stardom in Howard Hughess
775,Seen Loved and Heard A Guided Journal for Feeding
776,Seinfeldia How a Show About Nothing Changed
777,SelfCare for Adult Children of Emotionally
778,SelfCompassion The Proven Power of Being Kind to
779,Semicolon The Past Present and Future of a
780,Serving the Servant Remembering Kurt Cobain
781,Set Boundaries Find Peace A Guide to Reclaiming
782,Seven Husbands of Evelyn Hugo A Novel
783,Seven Practices of a Mindful Leader Lessons from
784,Sex on the Moon The Amazing Story Behind the Most
785,She Came to Slay The Life and Times of Harriet
786,She Said Breaking the Sexual Harassment Story
787,Shoe Dog A Memoir by the Creator of Nike
788,Short History of Nearly Everything
789,Shortest Way Home One Mayors Challenge and a
790,Shutdown How Covid Shook the Worlds Economy
791,Signs The Secret Language of the Universe
792,Silence The Power of Quiet in a World Full of
793,Simply Brilliant How Great Organizations Do
794,Singularity Is Near When Humans Transcend Biology
795,Sisters in Hate American Women on the Front Lines
796,Slouching Towards Utopia An Economic History of
797,Smart People Should Build Things How to Restore
798,So Heres the Thing Notes on Growing Up Getting
799,So Much I Want to Tell You Letters to My Little
800,So You Want to Start a Podcast Finding Your Voice
801,So You Want to Talk about Race
802,So Youre New to Sales
803,Sociopath Next Door The Ruthless Versus the Rest
804,Socrates Express In Search of Life Lessons from
805,Somebodys Daughter A Memoir
806,Something Deeply Hidden Quantum Worlds and the
807,Sorry Im Late I Didnt Want to Come One Introverts
808,Soul of Leadership Unlocking Your Potential for
809,Souls of Black Folk
810,South of the Border West of the Sun A Novel
811,Sovereign Individual Mastering the Transition to
812,Spare
813,Speed Reading Secrets the Worlds Fastest Reader
814,Spiritual Brain
815,Sputnik Sweetheart
816,Stalling for Time My Life as an FBI Hostage
817,Stamped from the Beginning
818,Stamped Racism Antiracism and You
819,Star Builders Nuclear Fusion and the Race to
820,Startup Way How Modern Companies Use
821,State of Affairs Rethinking Infidelity
822,Status and Culture How Our Desire for Social Rank
823,Stealing Fire How Silicon Valley the Navy SEALs
824,Sticky Fingers The Life and Times of Jann Wenner
825,Stillness Is the Key
826,Stolen Focus Why You Cant Pay Attentionand How to
827,Stop Doing That Sht End SelfSabotage and Demand
828,Stop SelfSabotage Six Steps to Unlock Your True
829,Stories to Tell A Memoir
830,Storyteller Tales of Life and Music
831,Stranger in the Lifeboat A Novel
832,Strategic Thinking Skills
833,Stress Less Accomplish More Meditation for
834,Strongmen Mussolini to the Present
835,Stuff You Should Know An Incomplete Compendium of
836,Subconscious Power Use Your Inner Mind to Create
837,Subtle Art of Not Giving a Fck A Counterintuitive
838,Subtract The Untapped Science of Less
839,Success Principles(TM) 10th Anniversary Edition
840,Successful Aging A Neuroscientist Explores the
841,Sum of Us What Racism Costs Everyone and How We
842,Sun Does Shine How I Found Life and Freedom on
843,Superfreakonomics Global Cooling Patriotic
844,Supreme Inequality The Supreme Courts FiftyYear
845,Sure Ill Be Your Black Friend Notes From the
846,Sweat the Technique Revelations on Creativity
847,Sword and the Shield The Revolutionary Lives of
848,System Who Rigged It How We Fix It
849,Talk Like TED The 09 PublicSpeaking Secrets of
850,Talking to Strangers What We Should Know about
851,Tao of Pooh
852,Teachings of Don Juan
853,Team of Rivals The Political Genius of Abraham
854,Tenth of December Stories
855,Textbook Amy Krouse Rosenthal
856,Thank You Economy
857,Thanks for Waiting The Joy (and Weirdness) of
858,Thanks Obama My Hopey Changey White House Years
859,That Will Never Work The Birth of Netflix and the
860,The Bitcoin Standard,Saifedean Ammous
861,The Measure of a Man
862,The Wisdom of Crowds
863,The World Is Flat
864,Their Eyes Were Watching God A Novel
865,Them Why We Hate Each Otherand How to Heal
866,Then We Came to the End A Novel
867,They Both Die at the End
868,They Cant Kill Us All Ferguson Baltimore and a
869,Thing Around Your Neck
870,Things My Son Needs to Know about the World
871,Think Again The Power of Knowing What You Dont
872,Think and Grow Rich
873,Think Like a Freak The Authors of Freakonomics
874,Think Like a Rocket Scientist Simple Strategies
875,Thinking Fast and Slow
876,Thinking in Bets Making Smarter Decisions When
877,Third Chimpanzee The Evolution and Future of the
878,This Changes Everything Capitalism vs The Climate
879,This Fight Is Our Fight The Battle to Save
880,This Is How They Tell Me the World Ends The
881,This Is Marketing You Cant Be Seen Until You
882,This Is the Fire What I Say to My Friends About
883,This Is Water Some Thoughts Delivered on a
884,This Is What America Looks Like My Journey from
885,This Is Your Mind on Plants
886,Thousand Miles to Freedom My Escape from North
887,Thousand Splendid Suns A Novel
888,Threat How the FBI Protects America in the Age of
889,Three Cups of Tea One Mans Mission to Promote
890,Thrive The Third Metric to Redefining Success and
891,Through My Eyes,Ruby Bridges
892,Tiny Beautiful Things Advice on Love and Life
893,Titan The Life of John D Rockefeller Sr
894,Together The Healing Power of Human Connection in
895,Tomorrow and Tomorrow and Tomorrow A novel
896,Too Much and Never Enough How My Family Created
897,Tools and Weapons The Promise and the Peril of
898,Tracers in the Dark The Global Hunt for the Crime
899,Tribe On Homecoming and Belonging
900,Trillion Dollar Coach The Leadership Playbook of
901,True Compass A Memoir
902,True Love
903,Truth about Animals Stoned Sloths Lovelorn Hippos
904,Truth About Crypto A Practical EasytoUnderstand
905,Truth Machine The Blockchain and the Future of
906,Truths We Hold An American Journey
907,Twelve and a Half Leveraging the Emotional
908,Ugly Cry A Memoir
909,Ugly Truth Inside Facebooks Battle for Domination
910,Ultimate Sales Machine Turbocharge Your Business
911,Ultralearning Master Hard Skills Outsmart the
912,Ulysses
913,Unbearable Lightness of Being
914,Unbelievable My FrontRow Seat to the Craziest
915,Uncanny Valley A Memoir
916,Uncomfortable Conversations with a Black Boy
917,Uncomfortable Conversations with a Black Man
918,Uncommon Type Some Stories
919,Uncultured A Memoir
920,Under a White Sky The Nature of the Future
921,Underground Railroad A Novel
922,Undocumented Americans
923,Unfuk Yourself Get Out of Your Head and into Your
924,Unlimited Power
925,Unmasked A Memoir
926,Unshakeable Your Financial Freedom Playbook
927,Untamed
928,Untethered Soul The Journey Beyond Yourself
929,Unthinkable Trauma Truth and the Trials of
930,Unwinding Anxiety New Science Shows How to Break
931,Upswing How America Came Together a Century Ago
932,Urban Tantra Sacred Sex for the TwentyFirst
933,Utopia for Realists How We Can Build the Ideal
934,Valley of Genius The Uncensored History of
935,Vanderbilt The Rise and Fall of an American
936,Vibrate Higher A Rap Story
937,View from Flyover Country Dispatches from the
938,Waking the Tiger Healing Trauma
939,Wanderers A Novel
940,Wanting The Power of Mimetic Desire in Everyday
941,War on Normal People The Truth About Americas
942,Warning
943,Washington A Life
944,Water Dancer (Oprahs Book Club) A Novel
945,Way of Integrity Finding the Path to Your True
946,Way of the Peaceful Warrior A Book That Changes
947,Way We Eat Now How the Food Revolution Has
948,We Are All Weird (Unabridged)
949,We Are Never Meeting in Real Life Essays
950,We Are Not Like Them A Novel
951,We Came We Saw We Left A Family Gap Year
952,We Should All Be Feminists
953,We Should All Be Millionaires A Womans Guide to
954,We Want to Do More Than Survive Abolitionist
955,We Were Dreamers An Immigrant Superhero Origin
956,We Were Eight Years in Power An American Tragedy
957,We Wish to Inform You That Tomorrow We Will Be
958,Weapons of Math Destruction How Big Data
959,Were Better Than This My Fight for the Future of
960,Were Going to Need More Wine Stories That Are
961,What Are We Doing Here Essays
962,What Happened
963,What Happened to You Conversations on Trauma
964,What I Know For Sure
965,What I Talk About When I Talk About Running A
966,What If 02 Additional Serious Scientific Answers
967,What If Serious Scientific Answers to Absurd
968,What Truth Sounds Like Robert F Kennedy James
969,What Unites Us Reflections on Patriotism
970,What We Owe the Future
971,What Would the Great Economists Do How Twelve
972,When Breath Becomes Air
973,When McKinsey Comes to Town The Hidden Influence
974,When The Scientific Secrets of Perfect Timing
975,When to Rob a Bank And 131 More Warped
976,When Women Invented Television The Untold Story
977,Where Men Win Glory The Odyssey of Pat Tillman
978,Where the Crawdads Sing
979,While Justice Sleeps A Novel
980,White American Youth My Descent into Americas
981,White Fragility Why Its So Hard for White People
982,White Mans Justice Black Mans Grief
983,White TearsBrown Scars How White Feminism Betrays
984,White Trash The 400Year Untold History of Class
985,Whiteness of Wealth How the Tax System
986,Who Moved My Cheese An AMazing Way to Deal with
987,Who Thought This Was a Good Idea And Other
988,Why Buddhism is True The Science and Philosophy
989,Why Not Me
990,Why We Sleep Unlocking the Power of Sleep and
991,Why Were Polarized
992,Wild From Lost to Found on the Pacific Crest Trail
993,Wild Sheep Chase
994,Will
995,Willpower Doesnt Work Discover the Hidden Keys to
996,Willpower Instinct
997,WindUp Bird Chronicle A Novel
998,Winners Take All The Elite Charade of Changing
999,Wintering The Power of Rest and Retreat in
1000,Wires of War Technology and the Global Struggle
1001,Wisdom of Sundays LifeChanging Insights from
1002,Wizard The Life and Times of Nikola Tesla
1003,Woman of No Importance The Untold Story of the
1004,Words without Music A Memoir
1005,Work Optional Retire Early the NonPennyPinching
1006,Work Wont Love You Back How Devotion to Our Jobs
1007,Working with Emotional Intelligence
1008,World as It Is A Memoir of the Obama White House
1009,World Beyond Your Head On Becoming an Individual
1010,World Travel An Irreverent Guide
1011,World Without Email Reimagining Work in an Age of
1012,Worse Than Watergate
1013,Wow No Thank You Essays
1014,Wrecking Crew How Conservatives Rule
1015,Wrecking Crew The Inside Story of Rock and Rolls
1016,Year of Less How I Stopped Shopping Gave Away My
1017,Year of Magical Thinking
1018,Year of Miracles Daily Devotions and Reflections
1019,Yearbook
1020,Yes Please
1021,Yes We (Still) Can Politics in the Age of Obama
1022,You Are a Badass How to Stop Doubting Your
1023,You Are the Placebo
1024,You Are the Universe Discovering Your Cosmic Self
1025,You Cant Be Serious
1026,You Cant Spell America Without Me The Really
1027,You Got Anything Stronger Stories
1028,Youll Grow Out of It
1029,Young Forever The Secrets to Living Your Longest
1030,Your Money or Your Life 09 Steps to Transforming
1031,Your Second Act Inspiring Stories of
1032,Youre Not Listening What Youre Missing and Why It
1033,Zen in the Age of Anxiety Wisdom for Navigating
1034,Zen of Therapy Uncovering a Hidden Kindness in
